Product Type,Product Category,Item Code,Product Name,Branch,Hsn Code,Base Unit,Base Qty,Conv Unit,Conv Qty,Product Material,Product Valuation,Product Barcode,Net weight,Making time,Lead time,Gst type,Sale rate,Purchase Rate,Weight,Minimum stock,Maximum stock,Grn required,Reorder qty,Self life days,Warranty period,Model NOS,Item type,Material Center,Stock Count,Bom required,Item Status,Batch wise stock manage
BOI,Raw Material,10101001,ALUMINUM INGOTS ,OFFICE,84139120,KG,14052,KG,14052,,,,,,,excluding,,,,,,yes,,,,,,,yes,yes,,
BOI,Raw Material,10101002,ALUMINIUM BILLETS,OFFICE,84139120,KG,17010,KG,17010,,,,,,,excluding,,,,,,yes,,,,,,,yes,yes,,
BOI,Raw Material,10101003,ALUMINIUM SECTION(SCRAP),OFFICE,84139120,KG,485.75,KG,485.75,,,,,,,excluding,,,,,,yes,,,,,,,yes,yes,,
BOI,Raw Material,10101005,ALUMINIUM WIRE SCRAP,OFFICE,84139120,KG,24486,KG,24486,,,,,,,excluding,,,,,,yes,,,,,,,yes,yes,,
BOI,Alloys,10101006,SILICON MASTER ALLOY (LM-6),OFFICE,84139120,KG,633,KG,633,,,,,,,excluding,,,,,,yes,,,,,,,yes,yes,,
BOI,Alloys,10101007,MAGNESIUM METAL,OFFICE,84139120,KG,406,KG,406,,,,,,,excluding,,,,,,yes,,,,,,,yes,yes,,
BOI,Alloys,10101008,COPPER ,OFFICE,84139120,KG,251.52,KG,251.52,,,,,,,excluding,,,,,,yes,,,,,,,yes,yes,,
BOI,Alloys,10101009,MANGENESE MASTER ALLOY,OFFICE,84139120,KG,1129,KG,1129,,,,,,,excluding,,,,,,yes,,,,,,,yes,yes,,
BOI,Alloys,10101010,CHROMIUM MASTER ALLOY (10%),OFFICE,84139120,KG,1048,KG,1048,,,,,,,excluding,,,,,,yes,,,,,,,yes,yes,,
BOI,Alloys,10101022,MANGANESE METAL FLAKES,OFFICE,84139120,KG,100,KG,100,,,,,,,excluding,,,,,,yes,,,,,,,yes,yes,,
BOI,Alloys,10101023,SILICON METAL,OFFICE,84139120,KG,329.5,KG,329.5,,,,,,,excluding,,,,,,yes,,,,,,,yes,yes,,
BOI,Alloys,10101024,ALUMINIUM TITANIUM (ALTI5B1),OFFICE,84139120,KG,240,KG,240,,,,,,,excluding,,,,,,yes,,,,,,,yes,yes,,
BOI,Alloys,10101026,COPPER MASTER ALLOY,OFFICE,84139120,KG,45,KG,45,,,,,,,excluding,,,,,,yes,,,,,,,yes,yes,,
BOI,Alloys,10101027,SARU MODIFIER SR-10,OFFICE,84139120,KG,4,KG,4,,,,,,,excluding,,,,,,yes,,,,,,,yes,yes,,
BOI,Foundry Chemical,10202019,DEGASSER -20,OFFICE,84139120,KG,120,KG,120,,,,,,,excluding,,,,,,yes,,,,,,,yes,yes,,
BOI,Foundry Chemical,10204010,COVER FLUX A - 5,OFFICE,84139120,KG,150,KG,150,,,,,,,excluding,,,,,,yes,,,,,,,yes,yes,,
BOI,Foundry Chemical,10204015,CERAFLUX-11,OFFICE,84139120,KG,500,KG,500,,,,,,,excluding,,,,,,yes,,,,,,,yes,yes,,
BOI,Refractory,10401002,MASTIK(CKO STICK),OFFICE,84139120,KG,12,KG,12,,,,,,,excluding,,,,,,yes,,,,,,,yes,yes,,
BOI,Refractory,10401003,ORTEX ,OFFICE,84139120,KG,20,KG,20,,,,,,,excluding,,,,,,yes,,,,,,,yes,yes,,
BOI,Filtering,10501001,"CERAMIC FOAM FILTER 15""X15""X2""-30PPI",OFFICE,84139120,NOS,270,NOS,270,,,,,,,excluding,,,,,,yes,,,,,,,yes,yes,,
BOI,Refractory,10501004,MAGNESIA POWDER (ASBESTOS),OFFICE,84139120,KG,150,KG,150,,,,,,,excluding,,,,,,yes,,,,,,,yes,yes,,
BOI,Refractory,10501005,DISTRIBUTION RING 450 X 214 X 176MM,OFFICE,84139120,NOS,8,NOS,8,,,,,,,excluding,,,,,,yes,,,,,,,yes,yes,,
BOI,Refractory,10501006,TOP RING 168.5DIA,OFFICE,84139120,NOS,19,NOS,19,,,,,,,excluding,,,,,,yes,,,,,,,yes,yes,,
BOI,Refractory,10501008,"CERAMIC DISTRIBUTOR 06"" (IMP-CHINA)",OFFICE,84139120,NOS,6,NOS,6,,,,,,,excluding,,,,,,yes,,,,,,,yes,yes,,
BOI,Refractory,10501009,"CERAMIC THIMBLE 06"" (IMP-CHINA)",OFFICE,84139120,NOS,13,NOS,13,,,,,,,excluding,,,,,,yes,,,,,,,yes,yes,,
BOI,Refractory,10501010,"CERAMIC DISTRIBUTOR 07"" (IMP-CHINA)",OFFICE,84139120,NOS,3,NOS,3,,,,,,,excluding,,,,,,yes,,,,,,,yes,yes,,
BOI,Refractory,10501013,"CERAMIC DISTRIBUTOR (SINGLE WAY) 07"" (IMP-CHINA)",OFFICE,84139120,NOS,5,NOS,5,,,,,,,excluding,,,,,,yes,,,,,,,yes,yes,,
BOI,Refractory,10501014,"CERAMIC THIMBLE 07"" (IMP-CHINA)",OFFICE,84139120,NOS,8,NOS,8,,,,,,,excluding,,,,,,yes,,,,,,,yes,yes,,
BOI,Refractory,10501017,"SLEEL SHOES 06""",OFFICE,84139120,NOS,5,NOS,5,,,,,,,excluding,,,,,,yes,,,,,,,yes,yes,,
BOI,Refractory,10501018,"SLEEL SHOES 07""",OFFICE,84139120,NOS,5,NOS,5,,,,,,,excluding,,,,,,yes,,,,,,,yes,yes,,
BOI,Chemical,20101001,KURTRIDE,OFFICE,84139120,KG,100,KG,100,,,,,,,excluding,,,,,,yes,,,,,,,yes,yes,,
BOI,Chemical,20101002,KURGEN,OFFICE,84139120,KG,100,KG,100,,,,,,,excluding,,,,,,yes,,,,,,,yes,yes,,
BOI,Chemical,20101003,KURADD,OFFICE,84139120,KG,1,KG,1,,,,,,,excluding,,,,,,yes,,,,,,,yes,yes,,
BOI,Chemical,20101007,ALUMINIUM OXIDE (IMPORTED),OFFICE,84139120,BAG,3,BAG,3,,,,,,,excluding,,,,,,yes,,,,,,,yes,yes,,
BOI,Chemical,20101010,CHEMICAL 6120F,OFFICE,84139120,LTR,25,LTR,25,,,,,,,excluding,,,,,,yes,,,,,,,yes,yes,,
BOI,Chemical,20101011,CHEMICAL 6210F,OFFICE,84139120,LTR,25,LTR,25,,,,,,,excluding,,,,,,yes,,,,,,,yes,yes,,
BOI,Chemical,20101024,CAUSTIC SODA FLAKES,OFFICE,84139120,KG,1450,KG,1450,,,,,,,excluding,,,,,,yes,,,,,,,yes,yes,,
BOI,Chemical,30303002,MAGNIFYING GLASS 3 INCH DIA,OFFICE,84139120,NOS,1,NOS,1,,,,,,,excluding,,,,,,yes,,,,,,,yes,yes,,
BOI,Chemical,30304001,RA TYPE DIAMOND INDENTOR,OFFICE,84139120,NOS,1,NOS,1,,,,,,,excluding,,,,,,yes,,,,,,,yes,yes,,
BOI,Spares Hardnes Tester,30304008,MIRROR ,OFFICE,84139120,NOS,1,NOS,1,,,,,,,excluding,,,,,,yes,,,,,,,yes,yes,,
BOI,Spares Hardnes Tester,30304009,  FOR MODEL : BV-250 ,OFFICE,84139120,NOS,6,NOS,6,,,,,,,excluding,,,,,,yes,,,,,,,yes,yes,,
BOI,Spares Hardnes Tester,30304013,ROTARY ENCODER,OFFICE,84139120,NOS,1,NOS,1,,,,,,,excluding,,,,,,yes,,,,,,,yes,yes,,
BOI,Spares Hardnes Tester,30304017,PRISM FOR BV-250,OFFICE,84139120,NOS,1,NOS,1,,,,,,,excluding,,,,,,yes,,,,,,,yes,yes,,
BOI,Spares Hardnes Tester,30304018,PRISM HOLDER FOR BV-250,OFFICE,84139120,NOS,1,NOS,1,,,,,,,excluding,,,,,,yes,,,,,,,yes,yes,,
BOI,Packing Material,40101003,P.P.STRAPPING ROLL 12MM WIDTH,OFFICE,84139120,ROLL,15,ROLL,15,,,,,,,excluding,,,,,,yes,,,,,,,yes,yes,,
BOI,Packing Material,40101005,PVC STRAPPING ROLL 15MM WIDTH,OFFICE,84139120,ROLL,8,ROLL,8,,,,,,,excluding,,,,,,yes,,,,,,,yes,yes,,
BOI,Packing Material,40101007,PLASTIC SUTHLI,OFFICE,84139120,KG,25,KG,25,,,,,,,excluding,,,,,,yes,,,,,,,yes,yes,,
BOI,Packing Material,40101010,SURFACE PROTECTION FILM B&W 36MM  100MTR X 40MIC,OFFICE,84139120,NOS,144,NOS,144,,,,,,,excluding,,,,,,yes,,,,,,,yes,yes,,
BOI,Packing Material,40101011,SURFACE PROTECTION FILM B&W 18MM 100MTR X 40MIC,OFFICE,84139120,NOS,405,NOS,405,,,,,,,excluding,,,,,,yes,,,,,,,yes,yes,,
BOI,Packing Material,40101014,FOUM SHEET ROLL,OFFICE,84139120,ROLL,5,ROLL,5,,,,,,,excluding,,,,,,yes,,,,,,,yes,yes,,
BOI,Packing Material,40101015,"STRETCH FILM PRINTED ""ALUKA EXTRUSION"" 150MM WIDTH",OFFICE,84139120,KG,1015,KG,1015,,,,,,,excluding,,,,,,yes,,,,,,,yes,yes,,
BOI,Packing Material,40101018,AIR BUBBLE ROLL,OFFICE,84139120,ROLL,6,ROLL,6,,,,,,,excluding,,,,,,yes,,,,,,,yes,yes,,
BOI,Packing Material,40101019,CORRUGATED PAPAER,OFFICE,84139120,KG,363,KG,363,,,,,,,excluding,,,,,,yes,,,,,,,yes,yes,,
BOI,Packing Material,40101020,M.S STRAPPING PATTI 12MM,OFFICE,84139120,KG,25.8,KG,25.8,,,,,,,excluding,,,,,,yes,,,,,,,yes,yes,,
BOI,Packing Material,40101272,WOODEN PALLET 1130 X 1130MM,OFFICE,84139120,NOS,116,NOS,116,,,,,,,excluding,,,,,,yes,,,,,,,yes,yes,,
BOI,Packing Material,40101457,STRETCH WRAPPING PLASTIC,OFFICE,84139120,KG,1804,KG,1804,,,,,,,excluding,,,,,,yes,,,,,,,yes,yes,,
BOI,Packing Material,40101458,STRETCH WRAP FILM PLAIN 450MM X 150MM,OFFICE,84139120,KG,70,KG,70,,,,,,,excluding,,,,,,yes,,,,,,,yes,yes,,
BOI,Packing Material,40101476,HDPE / PP FABRIC ,OFFICE,84139120,KG,1239,KG,1239,,,,,,,excluding,,,,,,yes,,,,,,,yes,yes,,
BOI,Packing Material,40101478,"PP SPUNBOND NOSN WOVEN FABRIC ROLL 63"" WIDTH",OFFICE,84139120,KG,170,KG,170,,,,,,,excluding,,,,,,yes,,,,,,,yes,yes,,
BOI,Consumable,50101001,V-BELT A-32,OFFICE,84139120,NOS,12,NOS,12,,,,,,,excluding,,,,,,yes,,,,,,,yes,yes,,
BOI,Consumable,50101008,V- BELT A-24,OFFICE,84139120,NOS,5,NOS,5,,,,,,,excluding,,,,,,yes,,,,,,,yes,yes,,
BOI,Consumable,50101015,V-BELT B-38,OFFICE,84139120,NOS,3,NOS,3,,,,,,,excluding,,,,,,yes,,,,,,,yes,yes,,
BOI,Consumable,50101016,V-BELT B-37,OFFICE,84139120,NOS,3,NOS,3,,,,,,,excluding,,,,,,yes,,,,,,,yes,yes,,
BOI,Consumable,50101022,V-BELT A-44,OFFICE,84139120,NOS,2,NOS,2,,,,,,,excluding,,,,,,yes,,,,,,,yes,yes,,
BOI,Consumable,50101026,V - BELTS  NOS: B - 71,OFFICE,84139120,NOS,8,NOS,8,,,,,,,excluding,,,,,,yes,,,,,,,yes,yes,,
BOI,Consumable,50101027,V BELT NOS.B - 55,OFFICE,84139120,NOS,10,NOS,10,,,,,,,excluding,,,,,,yes,,,,,,,yes,yes,,
BOI,Consumable,50101032,V-BELT A-48,OFFICE,84139120,NOS,4,NOS,4,,,,,,,excluding,,,,,,yes,,,,,,,yes,yes,,
BOI,Consumable,50101043,V-BELT A-33,OFFICE,84139120,NOS,2,NOS,2,,,,,,,excluding,,,,,,yes,,,,,,,yes,yes,,
BOI,Consumable,50101044,V-BELT A-55,OFFICE,84139120,NOS,4,NOS,4,,,,,,,excluding,,,,,,yes,,,,,,,yes,yes,,
BOI,Consumable,50101054,V BELT NOS.SPB 3170(FOR AGING),OFFICE,84139120,NOS,3,NOS,3,,,,,,,excluding,,,,,,yes,,,,,,,yes,yes,,
BOI,Consumable,50101055,V - BELT B-70,OFFICE,84139120,NOS,3,NOS,3,,,,,,,excluding,,,,,,yes,,,,,,,yes,yes,,
BOI,Consumable,50101057,V-BELT C-49,OFFICE,84139120,NOS,6,NOS,6,,,,,,,excluding,,,,,,yes,,,,,,,yes,yes,,
BOI,Consumable,50101058,V BELT SPB3220,OFFICE,84139120,NOS,10,NOS,10,,,,,,,excluding,,,,,,yes,,,,,,,yes,yes,,
BOI,Consumable,50101059,V-BELT B-69,OFFICE,84139120,NOS,6,NOS,6,,,,,,,excluding,,,,,,yes,,,,,,,yes,yes,,
BOI,Consumable,50101060,V BELT B-60,OFFICE,84139120,NOS,8,NOS,8,,,,,,,excluding,,,,,,yes,,,,,,,yes,yes,,
BOI,Consumable,50101061,V BELT SPB 2180,OFFICE,84139120,NOS,3,NOS,3,,,,,,,excluding,,,,,,yes,,,,,,,yes,yes,,
BOI,Consumable,50101062,V BELT SPA 1882,OFFICE,84139120,NOS,3,NOS,3,,,,,,,excluding,,,,,,yes,,,,,,,yes,yes,,
BOI,Consumable,50102010,V-BELT A-58,OFFICE,84139120,NOS,3,NOS,3,,,,,,,excluding,,,,,,yes,,,,,,,yes,yes,,
BOI,Consumable,50102011,V-BELT A-30,OFFICE,84139120,NOS,3,NOS,3,,,,,,,excluding,,,,,,yes,,,,,,,yes,yes,,
BOI,Consumable,50102012,V-BELT SPZ-900,OFFICE,84139120,NOS,4,NOS,4,,,,,,,excluding,,,,,,yes,,,,,,,yes,yes,,
BOI,Consumable,50103002,FIBER PBO ROLLER 600 DEG.C.,OFFICE,84139120,NOS,4,NOS,4,,,,,,,excluding,,,,,,yes,,,,,,,yes,yes,,
BOI,Consumable,50103004,FIBER NOSRMEX ROLLER 280 DEG.C.,OFFICE,84139120,NOS,4,NOS,4,,,,,,,excluding,,,,,,yes,,,,,,,yes,yes,,
BOI,Consumable,50103005,FIBER KEWLER BELTS 500 DEG.C.,OFFICE,84139120,NOS,1,NOS,1,,,,,,,excluding,,,,,,yes,,,,,,,yes,yes,,
BOI,Consumable,50103006,FIBER NOSRMEX BELT 280 DEG.C.,OFFICE,84139120,NOS,6,NOS,6,,,,,,,excluding,,,,,,yes,,,,,,,yes,yes,,
BOI,Consumable,50103007,FIBER KEVLER BELT 500 DEG.C.,OFFICE,84139120,NOS,3,NOS,3,,,,,,,excluding,,,,,,yes,,,,,,,yes,yes,,
BOI,Consumable,50103009,FIBER NOSRMEX ROLLER 280 DEG.C. 123 X 700MM,OFFICE,84139120,NOS,6,NOS,6,,,,,,,excluding,,,,,,yes,,,,,,,yes,yes,,
BOI,Consumable,50103010,PBO KEVLAR ROLLER 50 X 70 X 10 X 500MM (CHINA),OFFICE,84139120,NOS,14,NOS,14,,,,,,,excluding,,,,,,yes,,,,,,,yes,yes,,
BOI,Consumable,50103011,PBO KEVLAR ROLLER 75 X 450 X 10 480DG,OFFICE,84139120,NOS,26,NOS,26,,,,,,,excluding,,,,,,yes,,,,,,,yes,yes,,
BOI,Consumable,50103013,KEVLAR FELT ROLLER SLEEVE 76 X 450 X 10MM 500 DEGREE CELSIUS,OFFICE,84139120,NOS,10,NOS,10,,,,,,,excluding,,,,,,yes,,,,,,,yes,yes,,
BOI,Consumable,50104000,PBO PAD 250 X 70 X10MM 550 DEGREE CELSIUS,OFFICE,84139120,NOS,88,NOS,88,,,,,,,excluding,,,,,,yes,,,,,,,yes,yes,,
BOI,Consumable,50104001,BASKET PAD 22 X 45 X 06MM,OFFICE,84139120,MTR,110,MTR,110,,,,,,,excluding,,,,,,yes,,,,,,,yes,yes,,
BOI,Lubricant,50201001,GROUND NUT OIL,OFFICE,84139120,LTR,15,LTR,15,,,,,,,excluding,,,,,,yes,,,,,,,yes,yes,,
BOI,Lubricant,50201003,ENKLO 220 OIL,OFFICE,84139120,LTR,20,LTR,20,,,,,,,excluding,,,,,,yes,,,,,,,yes,yes,,
BOI,Lubricant,50201004,TRIMFIN - 21 OIL(NEAT CUTTING OIL),OFFICE,84139120,LTR,105,LTR,105,,,,,,,excluding,,,,,,yes,,,,,,,yes,yes,,
BOI,Lubricant,50201005,KOOLKUTN- 40 OIL(WATER SOLUBLE CUTTING OIL),OFFICE,84139120,LTR,105,LTR,105,,,,,,,excluding,,,,,,yes,,,,,,,yes,yes,,
BOI,Lubricant,50201006,ELGI AIR COMPRESSOR OIL,OFFICE,84139120,LTR,21,LTR,21,,,,,,,excluding,,,,,,yes,,,,,,,yes,yes,,
BOI,Lubricant,50201009,TRANSFORMER OIL,OFFICE,84139120,LTR,46,LTR,46,,,,,,,excluding,,,,,,yes,,,,,,,yes,yes,,
BOI,Lubricant,50201011,ENKLO 68 OIL,OFFICE,84139120,LTR,630,LTR,630,,,,,,,excluding,,,,,,yes,,,,,,,yes,yes,,
BOI,Lubricant,50201017,AVALON - 68 OIL (VEEDOL),OFFICE,84139120,LTR,5,LTR,5,,,,,,,excluding,,,,,,yes,,,,,,,yes,yes,,
BOI,Lubricant,50201026,GRAPHITE OIL,OFFICE,84139120,LTR,100,LTR,100,,,,,,,excluding,,,,,,yes,,,,,,,yes,yes,,
BOI,Lubricant,50201058,ENKLO GEAR  - EP 90 OIL,OFFICE,84139120,LTR,180,LTR,180,,,,,,,excluding,,,,,,yes,,,,,,,yes,yes,,
BOI,Lubricant,50201069,ENGINE OIL 15W40,OFFICE,84139120,LTR,5,LTR,5,,,,,,,excluding,,,,,,yes,,,,,,,yes,yes,,
BOI,Grease,50202002,M.P.GREASE,OFFICE,84139120,KG,16.76,KG,16.76,,,,,,,excluding,,,,,,yes,,,,,,,yes,yes,,
BOI,Grease,50202017,WIRE ROPE GREASE(Colgrad-UltraLoad-WRC-00),OFFICE,84139120,KG,5,KG,5,,,,,,,excluding,,,,,,yes,,,,,,,yes,yes,,
BOI,Grease,50202023,EKAMOLD EXTRUSION BORON NITRIDE SPRAY (500ML),OFFICE,84139120,BTL,3,BTL,3,,,,,,,excluding,,,,,,yes,,,,,,,yes,yes,,
BOI,Grease,50202024,NC PUTTY GREY ,OFFICE,84139120,KG,0.5,KG,0.5,,,,,,,excluding,,,,,,yes,,,,,,,yes,yes,,
BOI,Fuel,50203001,DIESEL,OFFICE,84139120,LTR,500,LTR,500,,,,,,,excluding,,,,,,yes,,,,,,,yes,yes,,
BOI,Fuel,50203005,FURNACE OIL,OFFICE,84139120,LTR,15737,LTR,15737,,,,,,,excluding,,,,,,yes,,,,,,,yes,yes,,
BOI,Paints,50204006,BLACK PAINT,OFFICE,84139120,LTR,4,LTR,4,,,,,,,excluding,,,,,,yes,,,,,,,yes,yes,,
BOI,Paints,50204007,WHITE PAINT,OFFICE,84139120,LTR,1,LTR,1,,,,,,,excluding,,,,,,yes,,,,,,,yes,yes,,
BOI,Paints,50204008,HEAT RESISENCE ALU.PAINT (HR-47)LUMEROS,OFFICE,84139120,LTR,10,LTR,10,,,,,,,excluding,,,,,,yes,,,,,,,yes,yes,,
BOI,Paints,50204009,DEEP ORANGE PAINT,OFFICE,84139120,LTR,0.5,LTR,0.5,,,,,,,excluding,,,,,,yes,,,,,,,yes,yes,,
BOI,Paints,50204012,APEX ULTIMA WHITE PAINT (WALL PAINT),OFFICE,84139120,LTR,12,LTR,12,,,,,,,excluding,,,,,,yes,,,,,,,yes,yes,,
BOI,Paints,50204013,PINK PAINT,OFFICE,84139120,LTR,1,LTR,1,,,,,,,excluding,,,,,,yes,,,,,,,yes,yes,,
BOI,Paints,50204021,TURPENTINE,OFFICE,84139120,LTR,5,LTR,5,,,,,,,excluding,,,,,,yes,,,,,,,yes,yes,,
BOI,Paints,50204022,WHITE CHUNA PAINT,OFFICE,84139120,KG,50,KG,50,,,,,,,excluding,,,,,,yes,,,,,,,yes,yes,,
BOI,Paints,50204036,WHITE SPRAY PAINT 400ML,OFFICE,84139120,TIN,2,TIN,2,,,,,,,excluding,,,,,,yes,,,,,,,yes,yes,,
BOI,Paints,50204037,BLACK SPRAY PAINT 400ML,OFFICE,84139120,NOS,2,NOS,2,,,,,,,excluding,,,,,,yes,,,,,,,yes,yes,,
BOI,Tools,50301003,ST.SH.DRILL.SIZE 7.5MM,OFFICE,84139120,NOS,5,NOS,5,,,,,,,excluding,,,,,,yes,,,,,,,yes,yes,,
BOI,Tools,50301010,ST.SH.DRILL.SIZE 2MM,OFFICE,84139120,NOS,10,NOS,10,,,,,,,excluding,,,,,,yes,,,,,,,yes,yes,,
BOI,Tools,50301012,ST.SH.DRILL.SIZE 3MM,OFFICE,84139120,NOS,10,NOS,10,,,,,,,excluding,,,,,,yes,,,,,,,yes,yes,,
BOI,Tools,50301014,ST.SH.DRILL.SIZE 4MM,OFFICE,84139120,NOS,4,NOS,4,,,,,,,excluding,,,,,,yes,,,,,,,yes,yes,,
BOI,Tools,50301015,ST.SH.DRILL.SIZE 4.5MM,OFFICE,84139120,NOS,3,NOS,3,,,,,,,excluding,,,,,,yes,,,,,,,yes,yes,,
BOI,Tools,50301016,ST.SH.DRILL.SIZE 5MM,OFFICE,84139120,NOS,5,NOS,5,,,,,,,excluding,,,,,,yes,,,,,,,yes,yes,,
BOI,Tools,50301017,ST.SH.DRILL.SIZE 5.5MM,OFFICE,84139120,NOS,5,NOS,5,,,,,,,excluding,,,,,,yes,,,,,,,yes,yes,,
BOI,Tools,50301018,ST.SH.DRILL.SIZE 6MM,OFFICE,84139120,NOS,9,NOS,9,,,,,,,excluding,,,,,,yes,,,,,,,yes,yes,,
BOI,Tools,50301019,ST.SH.DRILL.SIZE 8MM,OFFICE,84139120,NOS,4,NOS,4,,,,,,,excluding,,,,,,yes,,,,,,,yes,yes,,
BOI,Tools,50301020,ST.SH.DRILL.SIZE 10MM,OFFICE,84139120,NOS,3,NOS,3,,,,,,,excluding,,,,,,yes,,,,,,,yes,yes,,
BOI,Tools,50301021,ST.SH.DRILL.SIZE 10.5MM,OFFICE,84139120,NOS,2,NOS,2,,,,,,,excluding,,,,,,yes,,,,,,,yes,yes,,
BOI,Tools,50301023,ST.SH.DRILL.SIZE 12MM,OFFICE,84139120,NOS,2,NOS,2,,,,,,,excluding,,,,,,yes,,,,,,,yes,yes,,
BOI,Tools,50301025,ST.SH.DRILL.SIZE 7MM,OFFICE,84139120,NOS,6,NOS,6,,,,,,,excluding,,,,,,yes,,,,,,,yes,yes,,
BOI,Tools,50301026,ST.SH.DRILL.SIZE 12.5MM,OFFICE,84139120,NOS,2,NOS,2,,,,,,,excluding,,,,,,yes,,,,,,,yes,yes,,
BOI,Tools,50301027,ST.SH.DRILL.SIZE 8.5MM,OFFICE,84139120,NOS,1,NOS,1,,,,,,,excluding,,,,,,yes,,,,,,,yes,yes,,
BOI,Tools,50301029,"ST.SH.DRILL SIZE 7/64""",OFFICE,84139120,NOS,16,NOS,16,,,,,,,excluding,,,,,,yes,,,,,,,yes,yes,,
BOI,Tools,50301030,HSS DRILL BITS 14MM,OFFICE,84139120,NOS,2,NOS,2,,,,,,,excluding,,,,,,yes,,,,,,,yes,yes,,
BOI,Tools,50301051,HSS TAPER SHANK DRILL 20.5,OFFICE,84139120,NOS,3,NOS,3,,,,,,,excluding,,,,,,yes,,,,,,,yes,yes,,
BOI,Tools,50301084,HAMMER DRILL 18 X 310MM,OFFICE,84139120,NOS,2,NOS,2,,,,,,,excluding,,,,,,yes,,,,,,,yes,yes,,
BOI,Tools,50301087,HSS HAND TAP 36MM,OFFICE,84139120,SET,1,SET,1,,,,,,,excluding,,,,,,yes,,,,,,,yes,yes,,
BOI,Tools,50301096,HSS TAP SET 14MM,OFFICE,84139120,SET,1,SET,1,,,,,,,excluding,,,,,,yes,,,,,,,yes,yes,,
BOI,Tools,50301133,"HSS HAND TAP 3/8"" BSW",OFFICE,84139120,SET,1,SET,1,,,,,,,excluding,,,,,,yes,,,,,,,yes,yes,,
BOI,Tools,50301144,HSS HAND TAP 6MM,OFFICE,84139120,SET,3,SET,3,,,,,,,excluding,,,,,,yes,,,,,,,yes,yes,,
BOI,Tools,50301145,H.S.S.HAND TAP 8MM,OFFICE,84139120,SET,1,SET,1,,,,,,,excluding,,,,,,yes,,,,,,,yes,yes,,
BOI,Tools,50301146,HSS HAND TAP 10MM,OFFICE,84139120,SET,1,SET,1,,,,,,,excluding,,,,,,yes,,,,,,,yes,yes,,
BOI,Tools,50301147,HSS HAND TAP 12MM,OFFICE,84139120,SET,1,SET,1,,,,,,,excluding,,,,,,yes,,,,,,,yes,yes,,
BOI,Tools,50301148,HSS HAND TAP 16MM,OFFICE,84139120,SET,1,SET,1,,,,,,,excluding,,,,,,yes,,,,,,,yes,yes,,
BOI,Tools,50301242,CONCRETE DRILL BIT 22 X 350MM,OFFICE,84139120,NOS,4,NOS,4,,,,,,,excluding,,,,,,yes,,,,,,,yes,yes,,
BOI,Tools,50301243,CONCRETE DRILL BIT 20 X 460MM,OFFICE,84139120,NOS,4,NOS,4,,,,,,,excluding,,,,,,yes,,,,,,,yes,yes,,
BOI,Tools,50301253,"SPRING CALIPER OUTSIDE 12""",OFFICE,84139120,NOS,1,NOS,1,,,,,,,excluding,,,,,,yes,,,,,,,yes,yes,,
BOI,Tools,50301263,CARBIDE TOOL 20 X 20 LH,OFFICE,84139120,NOS,1,NOS,1,,,,,,,excluding,,,,,,yes,,,,,,,yes,yes,,
BOI,Tools,50301264,"CARBIDE TOOL 3/8""  (10 X 10MM SQ.)",OFFICE,84139120,NOS,3,NOS,3,,,,,,,excluding,,,,,,yes,,,,,,,yes,yes,,
BOI,Tools,50301265,CARBIDE TOOL RIGHT HAND 25 X 25 X 150MM P30,OFFICE,84139120,NOS,2,NOS,2,,,,,,,excluding,,,,,,yes,,,,,,,yes,yes,,
BOI,Tools,50301266,CARBIDE TOOL LEFT HAND  25 X 25 X 150MM P30,OFFICE,84139120,NOS,1,NOS,1,,,,,,,excluding,,,,,,yes,,,,,,,yes,yes,,
BOI,Tools,50301274,MOUNTED POINT A-3,OFFICE,84139120,NOS,153,NOS,153,,,,,,,excluding,,,,,,yes,,,,,,,yes,yes,,
BOI,Tools,50301283,CARBIDE ROTARY BURR AM 3,OFFICE,84139120,NOS,5,NOS,5,,,,,,,excluding,,,,,,yes,,,,,,,yes,yes,,
BOI,Tools,50301284,CARBIDE ROTARY BURR MCM 3,OFFICE,84139120,NOS,2,NOS,2,,,,,,,excluding,,,,,,yes,,,,,,,yes,yes,,
BOI,Tools,50301285,CARBIDE ROTARY BURR BM-1,OFFICE,84139120,NOS,1,NOS,1,,,,,,,excluding,,,,,,yes,,,,,,,yes,yes,,
BOI,Tools,50301290,CARBIDE ROTARY BURR K-2,OFFICE,84139120,NOS,1,NOS,1,,,,,,,excluding,,,,,,yes,,,,,,,yes,yes,,
BOI,Tools,50301291,CARBIDE ROTARY BURR MBM-2,OFFICE,84139120,NOS,1,NOS,1,,,,,,,excluding,,,,,,yes,,,,,,,yes,yes,,
BOI,Tools,50301296,CARBIDE ROTARY BURR R-1,OFFICE,84139120,NOS,7,NOS,7,,,,,,,excluding,,,,,,yes,,,,,,,yes,yes,,
BOI,Tools,50301300,CARBIDE ROTARY BURR K1,OFFICE,84139120,NOS,3,NOS,3,,,,,,,excluding,,,,,,yes,,,,,,,yes,yes,,
BOI,Tools,50301301,CARBIDE ROTARY BURR K3,OFFICE,84139120,NOS,3,NOS,3,,,,,,,excluding,,,,,,yes,,,,,,,yes,yes,,
BOI,Tools,50301309,DIGITAL CALIPER 300MM(0.01MM),OFFICE,84139120,NOS,2,NOS,2,,,,,,,excluding,,,,,,yes,,,,,,,yes,yes,,
BOI,Tools,50301310,ALLEN KEY 1.5MM,OFFICE,84139120,NOS,4,NOS,4,,,,,,,excluding,,,,,,yes,,,,,,,yes,yes,,
BOI,Tools,50301311,ALLEN KEY 2MM,OFFICE,84139120,NOS,1,NOS,1,,,,,,,excluding,,,,,,yes,,,,,,,yes,yes,,
BOI,Tools,50301313,MICROMETER 9DIGIMATIC) 0 TO 25MM BALL TYPE (395-271-30/BMD-25MX)MITUTOYO,OFFICE,84139120,NOS,3,NOS,3,,,,,,,excluding,,,,,,yes,,,,,,,yes,yes,,
BOI,Tools,50301321,ALLEN KEY 8MM,OFFICE,84139120,NOS,5,NOS,5,,,,,,,excluding,,,,,,yes,,,,,,,yes,yes,,
BOI,Tools,50301322,ALLEN KEY 10MM,OFFICE,84139120,NOS,2,NOS,2,,,,,,,excluding,,,,,,yes,,,,,,,yes,yes,,
BOI,Tools,50301324,ALLEN KEY 14MM,OFFICE,84139120,NOS,1,NOS,1,,,,,,,excluding,,,,,,yes,,,,,,,yes,yes,,
BOI,Tools,50301334,ALLEN KEY SET IN INCH,OFFICE,84139120,SET,1,SET,1,,,,,,,excluding,,,,,,yes,,,,,,,yes,yes,,
BOI,Tools,50301338,ALLEN KEY 2.5MM,OFFICE,84139120,NOS,3,NOS,3,,,,,,,excluding,,,,,,yes,,,,,,,yes,yes,,
BOI,Tools,50301341,NEEDLE FILE 16CM (ASSORTED),OFFICE,84139120,NOS,18,NOS,18,,,,,,,excluding,,,,,,yes,,,,,,,yes,yes,,
BOI,Tools,50301344,NEEDLE FILE 16CM(HALFROUND),OFFICE,84139120,NOS,1,NOS,1,,,,,,,excluding,,,,,,yes,,,,,,,yes,yes,,
BOI,Tools,50301345,DIMOND FILE 16CM(FLAT),OFFICE,84139120,NOS,3,NOS,3,,,,,,,excluding,,,,,,yes,,,,,,,yes,yes,,
BOI,Tools,50301346,DIAMOND FILE 16CM(ROUND),OFFICE,84139120,NOS,4,NOS,4,,,,,,,excluding,,,,,,yes,,,,,,,yes,yes,,
BOI,Tools,50301347,DIAMOND FILE 16CM(HALFROUND),OFFICE,84139120,NOS,3,NOS,3,,,,,,,excluding,,,,,,yes,,,,,,,yes,yes,,
BOI,Tools,50301350,"FILE HALF ROUND 12""",OFFICE,84139120,NOS,1,NOS,1,,,,,,,excluding,,,,,,yes,,,,,,,yes,yes,,
BOI,Tools,50301352,"DIAMOND FLAT FILE SMOOTH 06"" ",OFFICE,84139120,NOS,90,NOS,90,,,,,,,excluding,,,,,,yes,,,,,,,yes,yes,,
BOI,Tools,50301355,"FLAT FILE 150MM(6"")",OFFICE,84139120,NOS,2,NOS,2,,,,,,,excluding,,,,,,yes,,,,,,,yes,yes,,
BOI,Tools,50301371,DEBURRING TOOL ,OFFICE,84139120,NOS,1,NOS,1,,,,,,,excluding,,,,,,yes,,,,,,,yes,yes,,
BOI,Tools,50301378,FIX SPANNER D/E 12X13MM,OFFICE,84139120,NOS,1,NOS,1,,,,,,,excluding,,,,,,yes,,,,,,,yes,yes,,
BOI,Tools,50301380,TAPARIA DEP-12 DOUBLE ENDED SPANNER SET 6 TO 32MM,OFFICE,84139120,SET,1,SET,1,,,,,,,excluding,,,,,,yes,,,,,,,yes,yes,,
BOI,Tools,50301382,TAPARIA TOOL BOX NOS.1005,OFFICE,84139120,SET,2,SET,2,,,,,,,excluding,,,,,,yes,,,,,,,yes,yes,,
BOI,Tools,50301385,FIX SPANNER D/E 14 X 15MM,OFFICE,84139120,NOS,1,NOS,1,,,,,,,excluding,,,,,,yes,,,,,,,yes,yes,,
BOI,Tools,50301388,RING SPANNER 10 X 11MM,OFFICE,84139120,NOS,1,NOS,1,,,,,,,excluding,,,,,,yes,,,,,,,yes,yes,,
BOI,Tools,50301391,TAPARIA 18010 RING SPANNER SET 6 TO 32MM,OFFICE,84139120,SET,1,SET,1,,,,,,,excluding,,,,,,yes,,,,,,,yes,yes,,
BOI,Tools,50301393,RING SPANNER S/E 46MM,OFFICE,84139120,NOS,1,NOS,1,,,,,,,excluding,,,,,,yes,,,,,,,yes,yes,,
BOI,Tools,50301396,S/E FIX SPANNER 46MM,OFFICE,84139120,NOS,3,NOS,3,,,,,,,excluding,,,,,,yes,,,,,,,yes,yes,,
BOI,Tools,50301397,RING SPANNER 46MM X 41MM,OFFICE,84139120,NOS,2,NOS,2,,,,,,,excluding,,,,,,yes,,,,,,,yes,yes,,
BOI,Tools,50301399,BORE GAUGE 50-160 X 0.01MM CODE-2322-160A MAKE-INSIZE,OFFICE,84139120,NOS,1,NOS,1,,,,,,,excluding,,,,,,yes,,,,,,,yes,yes,,
BOI,Tools,50301400,BORE GAUGE 160-250 X 0.01MM CODE-2322-250A MAKE-INSIZE,OFFICE,84139120,NOS,1,NOS,1,,,,,,,excluding,,,,,,yes,,,,,,,yes,yes,,
BOI,Tools,50301401,TAPARIA 03 TRAY HEAVY DUTY TOOL BOX CTB 1803,OFFICE,84139120,NOS,3,NOS,3,,,,,,,excluding,,,,,,yes,,,,,,,yes,yes,,
BOI,Tools,50301409,"COMBINATION PLIER  200MM (8"")",OFFICE,84139120,NOS,1,NOS,1,,,,,,,excluding,,,,,,yes,,,,,,,yes,yes,,
BOI,Tools,50301412,"COMBINATION PLIER 10""",OFFICE,84139120,NOS,1,NOS,1,,,,,,,excluding,,,,,,yes,,,,,,,yes,yes,,
BOI,Tools,50301414,"NOSSE PLIER 8""",OFFICE,84139120,NOS,1,NOS,1,,,,,,,excluding,,,,,,yes,,,,,,,yes,yes,,
BOI,Tools,50301416,"CIRCLIP PLIER 8""/ 9""",OFFICE,84139120,NOS,1,NOS,1,,,,,,,excluding,,,,,,yes,,,,,,,yes,yes,,
BOI,Tools,50301417,"CIRCLIP PLIER 8""/ 9"" INSIDE",OFFICE,84139120,NOS,2,NOS,2,,,,,,,excluding,,,,,,yes,,,,,,,yes,yes,,
BOI,Tools,50301420,FLAT CHIESEL 25 X 200MM,OFFICE,84139120,NOS,1,NOS,1,,,,,,,excluding,,,,,,yes,,,,,,,yes,yes,,
BOI,Tools,50301425,OCTOGONAL CHIESEL 32MM X 300MM,OFFICE,84139120,NOS,1,NOS,1,,,,,,,excluding,,,,,,yes,,,,,,,yes,yes,,
BOI,Tools,50301427,"TAP HANDLE 3/4""",OFFICE,84139120,NOS,1,NOS,1,,,,,,,excluding,,,,,,yes,,,,,,,yes,yes,,
BOI,Tools,50301432,"PIPE WRENCH 12"" (300MM)",OFFICE,84139120,NOS,1,NOS,1,,,,,,,excluding,,,,,,yes,,,,,,,yes,yes,,
BOI,Tools,50301446,TESTER,OFFICE,84139120,NOS,1,NOS,1,,,,,,,excluding,,,,,,yes,,,,,,,yes,yes,,
BOI,Tools,50301463,CARBIDE ROTARY BURR K4,OFFICE,84139120,NOS,2,NOS,2,,,,,,,excluding,,,,,,yes,,,,,,,yes,yes,,
BOI,Tools,50301464,CLAW.HAMMER..500GM,OFFICE,84139120,N0,2,N0,2,,,,,,,excluding,,,,,,yes,,,,,,,yes,yes,,
BOI,Tools,50301534,"HACKSAW BLADE 12""X1/2""X18/24TPI",OFFICE,84139120,NOS,19,NOS,19,,,,,,,excluding,,,,,,yes,,,,,,,yes,yes,,
BOI,Tools,50301552,LETTER PUNCH 10MM ( A TO Z),OFFICE,84139120,SET,1,SET,1,,,,,,,excluding,,,,,,yes,,,,,,,yes,yes,,
BOI,Tools,50301554,FINGURE PUNCH SET 10MM ( 0 TO 9 ),OFFICE,84139120,SET,1,SET,1,,,,,,,excluding,,,,,,yes,,,,,,,yes,yes,,
BOI,Tools,50301555,PIN VICE,OFFICE,84139120,NOS,1,NOS,1,,,,,,,excluding,,,,,,yes,,,,,,,yes,yes,,
BOI,Tools,50301567,MEASURE TAPE 5MTR.LONG,OFFICE,84139120,NOS,4,NOS,4,,,,,,,excluding,,,,,,yes,,,,,,,yes,yes,,
BOI,Tools,50301568,MEASURE TAPE 7.5 MTR.LONG,OFFICE,84139120,NOS,1,NOS,1,,,,,,,excluding,,,,,,yes,,,,,,,yes,yes,,
BOI,Tools,50301569,MEASURE TAPE 2MTR.LONG,OFFICE,84139120,NOS,3,NOS,3,,,,,,,excluding,,,,,,yes,,,,,,,yes,yes,,
BOI,Tools,50301572,MEASURE TAPE 15 MTR.LONG,OFFICE,84139120,NOS,1,NOS,1,,,,,,,excluding,,,,,,yes,,,,,,,yes,yes,,
BOI,Tools,50301576,"RIGHT ANGLE 4"" (200MM)",OFFICE,84139120,NOS,1,NOS,1,,,,,,,excluding,,,,,,yes,,,,,,,yes,yes,,
BOI,Tools,50301577,MEASURING TAPE FIBER 30MTR,OFFICE,84139120,NOS,1,NOS,1,,,,,,,excluding,,,,,,yes,,,,,,,yes,yes,,
BOI,Tools,50301694,HSS DRILL 6.5MM,OFFICE,84139120,NOS.,5,NOS.,5,,,,,,,excluding,,,,,,yes,,,,,,,yes,yes,,
BOI,Tools,50301702,CARBIDE ROTARY BURR A-3,OFFICE,84139120,NOS,1,NOS,1,,,,,,,excluding,,,,,,yes,,,,,,,yes,yes,,
BOI,Tools,50301711,TAPER SHANK DRILL  17MM (H.S.S.),OFFICE,84139120,NOS,1,NOS,1,,,,,,,excluding,,,,,,yes,,,,,,,yes,yes,,
BOI,Tools,50301722,RING SPANNER 14X15MM,OFFICE,84139120,NOS,1,NOS,1,,,,,,,excluding,,,,,,yes,,,,,,,yes,yes,,
BOI,Tools,50301724,RING SPANNER 12X13MM,OFFICE,84139120,NOS,1,NOS,1,,,,,,,excluding,,,,,,yes,,,,,,,yes,yes,,
BOI,Tools,50301735,DURELO DKT -87 MULTI TOOL SET WITH TOOL KIT BOX,OFFICE,84139120,SET,1,SET,1,,,,,,,excluding,,,,,,yes,,,,,,,yes,yes,,
BOI,Tools,50301751,ALLEN KEY 4MM,OFFICE,84139120,NOS,4,NOS,4,,,,,,,excluding,,,,,,yes,,,,,,,yes,yes,,
BOI,Tools,50301759,ALLEN KEY 6MM,OFFICE,84139120,NOS,1,NOS,1,,,,,,,excluding,,,,,,yes,,,,,,,yes,yes,,
BOI,Tools,50301763,FULL CARBIDE END MILL 3MM,OFFICE,84139120,NOS,5,NOS,5,,,,,,,excluding,,,,,,yes,,,,,,,yes,yes,,
BOI,Tools,50301764,FULL CARBIDE ENDMILL 8MM,OFFICE,84139120,NOS,5,NOS,5,,,,,,,excluding,,,,,,yes,,,,,,,yes,yes,,
BOI,Tools,50301765,FULL CARBIDE ENDMILL 10MM,OFFICE,84139120,NOS,6,NOS,6,,,,,,,excluding,,,,,,yes,,,,,,,yes,yes,,
BOI,Tools,50301766,FULL CARBIDE ENDMILL 4MM,OFFICE,84139120,NOS,1,NOS,1,,,,,,,excluding,,,,,,yes,,,,,,,yes,yes,,
BOI,Tools,50301767,CARBIDE ENDMILL CUTTER 5MM,OFFICE,84139120,NOS,1,NOS,1,,,,,,,excluding,,,,,,yes,,,,,,,yes,yes,,
BOI,Tools,50301768,FULL CARBIDE ENDMILL 6MM,OFFICE,84139120,NOS,5,NOS,5,,,,,,,excluding,,,,,,yes,,,,,,,yes,yes,,
BOI,Tools,50301769,FULL CARBIDE ENDMILL 12MM,OFFICE,84139120,NOS,7,NOS,7,,,,,,,excluding,,,,,,yes,,,,,,,yes,yes,,
BOI,Tools,50301770,PROFILE CARBIDE ENDMILL 16MM WITH ROD,OFFICE,84139120,NOS,1,NOS,1,,,,,,,excluding,,,,,,yes,,,,,,,yes,yes,,
BOI,Tools,50301771,EXTRA LONG ENDMILL 12MM,OFFICE,84139120,NOS,4,NOS,4,,,,,,,excluding,,,,,,yes,,,,,,,yes,yes,,
BOI,Tools,50301772,SOLID CARBIDE END MILL 10MM X 100MM LONG,OFFICE,84139120,NOS,4,NOS,4,,,,,,,excluding,,,,,,yes,,,,,,,yes,yes,,
BOI,Tools,50301773,SOLID CARBIDE END MILL 12MM X 100MM LONG,OFFICE,84139120,NOS,2,NOS,2,,,,,,,excluding,,,,,,yes,,,,,,,yes,yes,,
BOI,Tools,50301774,CARBIDE ENDMILL CUTTER 8MM X 100MM,OFFICE,84139120,NOS,2,NOS,2,,,,,,,excluding,,,,,,yes,,,,,,,yes,yes,,
BOI,Tools,50301785,SOLID CARBIDE ENDMILL  10 X 150MM ,OFFICE,84139120,NOS,2,NOS,2,,,,,,,excluding,,,,,,yes,,,,,,,yes,yes,,
BOI,Tools,50301786,PKG.TENSIONER,OFFICE,84139120,NOS,2,NOS,2,,,,,,,excluding,,,,,,yes,,,,,,,yes,yes,,
BOI,Tools,50301794,"S.S.SCALE 6""",OFFICE,84139120,NOS,1,NOS,1,,,,,,,excluding,,,,,,yes,,,,,,,yes,yes,,
BOI,Tools,50301806,"HSS HOLESAW CUTTER 1""",OFFICE,84139120,NOS,1,NOS,1,,,,,,,excluding,,,,,,yes,,,,,,,yes,yes,,
BOI,Tools,50301811,PLAIN PLUG GAUGE 18.65MM DIA GO NOS-GO,OFFICE,84139120,NOS,2,NOS,2,,,,,,,excluding,,,,,,yes,,,,,,,yes,yes,,
BOI,Tools,50301815,HSS HOLE SAW CUTTER   22MM,OFFICE,84139120,NOS,1,NOS,1,,,,,,,excluding,,,,,,yes,,,,,,,yes,yes,,
BOI,Tools,50301816,HSS HOLE SAW CUTTER   16MM,OFFICE,84139120,NOS,1,NOS,1,,,,,,,excluding,,,,,,yes,,,,,,,yes,yes,,
BOI,Tools,50301817,HSS HOLE SAW CUTTER   12MM,OFFICE,84139120,NOS,1,NOS,1,,,,,,,excluding,,,,,,yes,,,,,,,yes,yes,,
BOI,Tools,50301883,RATCHET HANDLE 12.7MM (1715 N TAPARIA),OFFICE,84139120,NOS,2,NOS,2,,,,,,,excluding,,,,,,yes,,,,,,,yes,yes,,
BOI,Tools,50301894,WIRE CUTTER ,OFFICE,84139120,NOS,2,NOS,2,,,,,,,excluding,,,,,,yes,,,,,,,yes,yes,,
BOI,Tools,50301941,MAGNETIC STAR BIT 65MM,OFFICE,84139120,NOS,2,NOS,2,,,,,,,excluding,,,,,,yes,,,,,,,yes,yes,,
BOI,Tools,50303117,POLYSTER SLING  5 MTR LONG 3 TON CAPACITY,OFFICE,84139120,NOS,4,NOS,4,,,,,,,excluding,,,,,,yes,,,,,,,yes,yes,,
BOI,Tools,50303118,POLYSTER SLING 6 MTR LONG 5TON CAPACITY,OFFICE,84139120,NOS,3,NOS,3,,,,,,,excluding,,,,,,yes,,,,,,,yes,yes,,
BOI,Tools,50303119,HOOK OF SLING,OFFICE,84139120,NOS,4,NOS,4,,,,,,,excluding,,,,,,yes,,,,,,,yes,yes,,
BOI,Tools,50303120,POLYSTER SLING BELT 4 MTR LONG 3 TON CAPACITY,OFFICE,84139120,NOS,2,NOS,2,,,,,,,excluding,,,,,,yes,,,,,,,yes,yes,,
BOI,Tools,50303129,UG STEEL WIRE ROPE 6 X 36 CONST.12MM DIA ,OFFICE,84139120,MTR,105,MTR,105,,,,,,,excluding,,,,,,yes,,,,,,,yes,yes,,
BOI,Tools,50304001,D SHEKAL,OFFICE,84139120,NOS,6,NOS,6,,,,,,,excluding,,,,,,yes,,,,,,,yes,yes,,
BOI,Consumable,50401005,ANCHOR FASTNER 12 X 100MM,OFFICE,84139120,NOS,37,NOS,37,,,,,,,excluding,,,,,,yes,,,,,,,yes,yes,,
BOI,Consumable,50401014,M.S.HEX BOLT 6 X 25MM,OFFICE,84139120,NOS,2,NOS,2,,,,,,,excluding,,,,,,yes,,,,,,,yes,yes,,
BOI,Consumable,50401018,ANCHOR FASTNER 16 X 100MM,OFFICE,84139120,NOS,8,NOS,8,,,,,,,excluding,,,,,,yes,,,,,,,yes,yes,,
BOI,Consumable,50401021,ANCHOR FASTNER 24 X 200 MM,OFFICE,84139120,NOS,21,NOS,21,,,,,,,excluding,,,,,,yes,,,,,,,yes,yes,,
BOI,Consumable,50401022,SELF SCREW 50MM,OFFICE,84139120,NOS,510,NOS,510,,,,,,,excluding,,,,,,yes,,,,,,,yes,yes,,
BOI,Consumable,50401027,G.I HEX NUT 06MM,OFFICE,84139120,NOS,262,NOS,262,,,,,,,excluding,,,,,,yes,,,,,,,yes,yes,,
BOI,Consumable,50401028,SELF SCREW 25MM,OFFICE,84139120,NOS,455,NOS,455,,,,,,,excluding,,,,,,yes,,,,,,,yes,yes,,
BOI,Consumable,50401029,SELF SCREW 75MM,OFFICE,84139120,NOS,28,NOS,28,,,,,,,excluding,,,,,,yes,,,,,,,yes,yes,,
BOI,Consumable,50401031,G.I HEX NUT 12MM,OFFICE,84139120,NOS,111,NOS,111,,,,,,,excluding,,,,,,yes,,,,,,,yes,yes,,
BOI,Consumable,50401033,ALLEN CSK SCREW 6 X 20MM,OFFICE,84139120,NOS,48,NOS,48,,,,,,,excluding,,,,,,yes,,,,,,,yes,yes,,
BOI,Consumable,50401034,ALLEN BOLT 14 X 45MM ,OFFICE,84139120,NOS,7,NOS,7,,,,,,,excluding,,,,,,yes,,,,,,,yes,yes,,
BOI,Consumable,50401035,"ALLEN GRUB SCREW 3/8""X1"" BSF",OFFICE,84139120,NOS,8,NOS,8,,,,,,,excluding,,,,,,yes,,,,,,,yes,yes,,
BOI,Consumable,50401043,ALLEN CSK BOLT 6 X 15MM,OFFICE,84139120,NOS,45,NOS,45,,,,,,,excluding,,,,,,yes,,,,,,,yes,yes,,
BOI,Consumable,50401044,ALLEN BOLT 14 x 60MM,OFFICE,84139120,NOS,6,NOS,6,,,,,,,excluding,,,,,,yes,,,,,,,yes,yes,,
BOI,Consumable,50401045,ALLEN BOLT 8 X 70 MM,OFFICE,84139120,NOS,5,NOS,5,,,,,,,excluding,,,,,,yes,,,,,,,yes,yes,,
BOI,Consumable,50401046,ALLEN HEAD BOLT 10 X 70MM,OFFICE,84139120,NOS,50,NOS,50,,,,,,,excluding,,,,,,yes,,,,,,,yes,yes,,
BOI,Consumable,50401047,ALLEN HEAD BOLT 16 X 50MM,OFFICE,84139120,NOS,18,NOS,18,,,,,,,excluding,,,,,,yes,,,,,,,yes,yes,,
BOI,Consumable,50401048,ALLEN BOLT 6 X 35MM,OFFICE,84139120,NOS,85,NOS,85,,,,,,,excluding,,,,,,yes,,,,,,,yes,yes,,
BOI,Consumable,50401049,ALLEN HEAD BOLT 16 X 230MM,OFFICE,84139120,NOS,3,NOS,3,,,,,,,excluding,,,,,,yes,,,,,,,yes,yes,,
BOI,Consumable,50401056,ALLEN CSK BOLT 06 X 70MM,OFFICE,84139120,NOS,3,NOS,3,,,,,,,excluding,,,,,,yes,,,,,,,yes,yes,,
BOI,Consumable,50401061,ALLEN BOLT 06 X 60MM,OFFICE,84139120,NOS.,14,NOS.,14,,,,,,,excluding,,,,,,yes,,,,,,,yes,yes,,
BOI,Consumable,50401062,SPRING WASHER 28MM,OFFICE,84139120,NOS,20,NOS,20,,,,,,,excluding,,,,,,yes,,,,,,,yes,yes,,
BOI,Consumable,50401066,ALLEN BOLT 16 X 30MM,OFFICE,84139120,NOS,31,NOS,31,,,,,,,excluding,,,,,,yes,,,,,,,yes,yes,,
BOI,Consumable,50401068,ALLEN BOLT 6X25MM,OFFICE,84139120,NOS,5,NOS,5,,,,,,,excluding,,,,,,yes,,,,,,,yes,yes,,
BOI,Consumable,50401069,ALLEN CSK SCREW 8X15MM,OFFICE,84139120,NOS,19,NOS,19,,,,,,,excluding,,,,,,yes,,,,,,,yes,yes,,
BOI,Consumable,50401071,ALLEN BOLT 12X50MM,OFFICE,84139120,NOS,42,NOS,42,,,,,,,excluding,,,,,,yes,,,,,,,yes,yes,,
BOI,Consumable,50401072,ALLEN BOLT 12X40MM,OFFICE,84139120,NOS,25,NOS,25,,,,,,,excluding,,,,,,yes,,,,,,,yes,yes,,
BOI,Consumable,50401073,ALLEN BOLT 10X40MM,OFFICE,84139120,NOS,9,NOS,9,,,,,,,excluding,,,,,,yes,,,,,,,yes,yes,,
BOI,Consumable,50401074,ALLEN BOLT 8X35MM,OFFICE,84139120,NOS,4,NOS,4,,,,,,,excluding,,,,,,yes,,,,,,,yes,yes,,
BOI,Consumable,50401085,ALLEN HEAD BOLT 8 X 50MM,OFFICE,84139120,NOS,3,NOS,3,,,,,,,excluding,,,,,,yes,,,,,,,yes,yes,,
BOI,Consumable,50401086,STUD FULL THREADED 12MM X 1000MM,OFFICE,84139120,NOS,2,NOS,2,,,,,,,excluding,,,,,,yes,,,,,,,yes,yes,,
BOI,Consumable,50401087,STUD FULL THREADED 10MM X 1000MM,OFFICE,84139120,NOS,2,NOS,2,,,,,,,excluding,,,,,,yes,,,,,,,yes,yes,,
BOI,Consumable,50401088,STUD FULL THREADED 8MM X 1000MM,OFFICE,84139120,NOS,2,NOS,2,,,,,,,excluding,,,,,,yes,,,,,,,yes,yes,,
BOI,Consumable,50401089,MS STUD FULL THREADED 20MMX 1 MTR LONG,OFFICE,84139120,NOS,1,NOS,1,,,,,,,excluding,,,,,,yes,,,,,,,yes,yes,,
BOI,Consumable,50401092,HEX NUT 20MM,OFFICE,84139120,NOS,18,NOS,18,,,,,,,excluding,,,,,,yes,,,,,,,yes,yes,,
BOI,Consumable,50401094,M.S.HEX BOLT 16 X 200MM,OFFICE,84139120,NOS,2,NOS,2,,,,,,,excluding,,,,,,yes,,,,,,,yes,yes,,
BOI,Consumable,50401095,GRUB SCREW 12MM X 20MM,OFFICE,84139120,NOS,2,NOS,2,,,,,,,excluding,,,,,,yes,,,,,,,yes,yes,,
BOI,Consumable,50401096,"G.I.HEX BOLT 5/16""X1.1/2"" BSW",OFFICE,84139120,NOS,22,NOS,22,,,,,,,excluding,,,,,,yes,,,,,,,yes,yes,,
BOI,Consumable,50401098,"G,I.HEX BOLT  5/16"" X 11/4"" BSW",OFFICE,84139120,NOS,18,NOS,18,,,,,,,excluding,,,,,,yes,,,,,,,yes,yes,,
BOI,Consumable,50401100,ALLEN CSK SCREW 6 X 100MM,OFFICE,84139120,NOS,4,NOS,4,,,,,,,excluding,,,,,,yes,,,,,,,yes,yes,,
BOI,Consumable,50401101,"S.S.HEX BOLT 1/4"" X 1.750"" BSW",OFFICE,84139120,NOS,8,NOS,8,,,,,,,excluding,,,,,,yes,,,,,,,yes,yes,,
BOI,Consumable,50401102,"S.S.HEX BOLT WITH NUT 1/2"" x 2"" BSW",OFFICE,84139120,NOS,6,NOS,6,,,,,,,excluding,,,,,,yes,,,,,,,yes,yes,,
BOI,Consumable,50401103,S.S.HEX BOLT WITH NUT 10 x 50MM,OFFICE,84139120,NOS,3,NOS,3,,,,,,,excluding,,,,,,yes,,,,,,,yes,yes,,
BOI,Consumable,50401104,"S.S HEX NUT 5/8""",OFFICE,84139120,NOS,11,NOS,11,,,,,,,excluding,,,,,,yes,,,,,,,yes,yes,,
BOI,Consumable,50401106,HT HEX BOLT 10 X 35MM,OFFICE,84139120,NOS,5,NOS,5,,,,,,,excluding,,,,,,yes,,,,,,,yes,yes,,
BOI,Consumable,50401114,"H.T HEX NUT 3/4"" ",OFFICE,84139120,NOS,12,NOS,12,,,,,,,excluding,,,,,,yes,,,,,,,yes,yes,,
BOI,Consumable,50401123,"G.I HEX BOLT 5/8""X2.1/2"" BSW",OFFICE,84139120,NOS,72,NOS,72,,,,,,,excluding,,,,,,yes,,,,,,,yes,yes,,
BOI,Consumable,50401127,G.I HEX BOLT 12X100MM,OFFICE,84139120,NOS,29,NOS,29,,,,,,,excluding,,,,,,yes,,,,,,,yes,yes,,
BOI,Consumable,50401130,G.I HT HEX BOLT 10 X 40MM,OFFICE,84139120,NOS,33,NOS,33,,,,,,,excluding,,,,,,yes,,,,,,,yes,yes,,
BOI,Consumable,50401133,M.S.HEX BOLT 8X50MM,OFFICE,84139120,NOS,27,NOS,27,,,,,,,excluding,,,,,,yes,,,,,,,yes,yes,,
BOI,Consumable,50401135,CSK ALLEN BOLT 10 X 10MM,OFFICE,84139120,NOS,40,NOS,40,,,,,,,excluding,,,,,,yes,,,,,,,yes,yes,,
BOI,Consumable,50401136,M.S.HEX BOLT 12X50MM,OFFICE,84139120,NOS,40,NOS,40,,,,,,,excluding,,,,,,yes,,,,,,,yes,yes,,
BOI,Consumable,50401137,M.S.HEX BOLT 20X75MM,OFFICE,84139120,NOS,4,NOS,4,,,,,,,excluding,,,,,,yes,,,,,,,yes,yes,,
BOI,Consumable,50401140,G.I.HEX BOLT 3X25MM,OFFICE,84139120,NOS,23,NOS,23,,,,,,,excluding,,,,,,yes,,,,,,,yes,yes,,
BOI,Consumable,50401145,CSK ALLEN BOLT 10 X 20MM,OFFICE,84139120,NOS,38,NOS,38,,,,,,,excluding,,,,,,yes,,,,,,,yes,yes,,
BOI,Consumable,50401147,M.S.HEX BOLT 8X35MM,OFFICE,84139120,NOS,5,NOS,5,,,,,,,excluding,,,,,,yes,,,,,,,yes,yes,,
BOI,Consumable,50401152,M.S.HEX BOLT 6X30/35MM,OFFICE,84139120,NOS,2,NOS,2,,,,,,,excluding,,,,,,yes,,,,,,,yes,yes,,
BOI,Consumable,50401154,CSK HEAD MACHINE SCREW 06 X 50MM,OFFICE,84139120,NOS,10,NOS,10,,,,,,,excluding,,,,,,yes,,,,,,,yes,yes,,
BOI,Consumable,50401156,CSK HEAD MACHINE SCREW 06 X 30MM,OFFICE,84139120,NOS,12,NOS,12,,,,,,,excluding,,,,,,yes,,,,,,,yes,yes,,
BOI,Consumable,50401180,"M.S.HEX BOLT 3/4""X2"" BSW",OFFICE,84139120,NOS,19,NOS,19,,,,,,,excluding,,,,,,yes,,,,,,,yes,yes,,
BOI,Consumable,50401183,"M.S.HEX BOLT 3/4""X1.1/2"" BSW",OFFICE,84139120,NOS,24,NOS,24,,,,,,,excluding,,,,,,yes,,,,,,,yes,yes,,
BOI,Consumable,50401185,M.S.HEX BOLT 3X50MM,OFFICE,84139120,NOS,23,NOS,23,,,,,,,excluding,,,,,,yes,,,,,,,yes,yes,,
BOI,Consumable,50401187,ALLEN BOLT 10 X 15MM,OFFICE,84139120,NOS,12,NOS,12,,,,,,,excluding,,,,,,yes,,,,,,,yes,yes,,
BOI,Consumable,50401193,"M.S.HEX BOLT 5/8""X6"" BSW",OFFICE,84139120,NOS,14,NOS,14,,,,,,,excluding,,,,,,yes,,,,,,,yes,yes,,
BOI,Consumable,50401197,"M.S.HEX NUT 5/8"" BSW",OFFICE,84139120,NOS,30,NOS,30,,,,,,,excluding,,,,,,yes,,,,,,,yes,yes,,
BOI,Consumable,50401212,"M.S.HEX BOLT 1/2""X2"" BSW",OFFICE,84139120,NOS,17,NOS,17,,,,,,,excluding,,,,,,yes,,,,,,,yes,yes,,
BOI,Consumable,50401213,PIPE HOOK WITH NUT & WASHER,OFFICE,84139120,NOS,4,NOS,4,,,,,,,excluding,,,,,,yes,,,,,,,yes,yes,,
BOI,Consumable,50401215,"M.S.HEX NUT 1/2"" BSW",OFFICE,84139120,NOS,54,NOS,54,,,,,,,excluding,,,,,,yes,,,,,,,yes,yes,,
BOI,Consumable,50401223,"M.S.PLAIN WASHER 5/16""",OFFICE,84139120,NOS,46,NOS,46,,,,,,,excluding,,,,,,yes,,,,,,,yes,yes,,
BOI,Consumable,50401230,"M.S.HEX NUT 1/4"" BSW",OFFICE,84139120,NOS,73,NOS,73,,,,,,,excluding,,,,,,yes,,,,,,,yes,yes,,
BOI,Consumable,50401231,"M.S.PLAIN WASHER 1/4""",OFFICE,84139120,NOS,32,NOS,32,,,,,,,excluding,,,,,,yes,,,,,,,yes,yes,,
BOI,Consumable,50401232,"M.S.PLAIN WASHER 1""",OFFICE,84139120,NOS,49,NOS,49,,,,,,,excluding,,,,,,yes,,,,,,,yes,yes,,
BOI,Consumable,50401235,"CSK MACHINE SCREW 3/16"" X 03"" WITH NUT",OFFICE,84139120,NOS,5,NOS,5,,,,,,,excluding,,,,,,yes,,,,,,,yes,yes,,
BOI,Consumable,50401243,"M.S.HEX NUT 3/4"" BSW",OFFICE,84139120,NOS,39,NOS,39,,,,,,,excluding,,,,,,yes,,,,,,,yes,yes,,
BOI,Consumable,50401253,M.S.HEX NUT 8MM,OFFICE,84139120,NOS,67,NOS,67,,,,,,,excluding,,,,,,yes,,,,,,,yes,yes,,
BOI,Consumable,50401255,"M.S.HEX NUT 3/8"" BSW",OFFICE,84139120,NOS,3,NOS,3,,,,,,,excluding,,,,,,yes,,,,,,,yes,yes,,
BOI,Consumable,50401263,M.S.HEX BOLT 16X50MM,OFFICE,84139120,NOS,8,NOS,8,,,,,,,excluding,,,,,,yes,,,,,,,yes,yes,,
BOI,Consumable,50401265,M.S. HEX BOLT 12 X 65 MM,OFFICE,84139120,NOS,5,NOS,5,,,,,,,excluding,,,,,,yes,,,,,,,yes,yes,,
BOI,Consumable,50401281,CSK SCREW 05 X 60MM,OFFICE,84139120,NOS,25,NOS,25,,,,,,,excluding,,,,,,yes,,,,,,,yes,yes,,
BOI,Consumable,50401287,CSK SCREW 03 X 30MM,OFFICE,84139120,NOS,25,NOS,25,,,,,,,excluding,,,,,,yes,,,,,,,yes,yes,,
BOI,Consumable,50401289,WOODEN SCREW 35 * 8 MM,OFFICE,84139120,PKT,4,PKT,4,,,,,,,excluding,,,,,,yes,,,,,,,yes,yes,,
BOI,Consumable,50401295,CSK SCREW 04 X 60MM,OFFICE,84139120,NOS,6,NOS,6,,,,,,,excluding,,,,,,yes,,,,,,,yes,yes,,
BOI,Consumable,50401296,SPLIT PIN 6 x 25MM,OFFICE,84139120,NOS,10,NOS,10,,,,,,,excluding,,,,,,yes,,,,,,,yes,yes,,
BOI,Consumable,50401299,"SPLIT PIN 6 X 50 MM ( 1/4 X 2"")",OFFICE,84139120,NOS,3,NOS,3,,,,,,,excluding,,,,,,yes,,,,,,,yes,yes,,
BOI,Consumable,50401303,G.I.CSK SCREW 4 X 50MM,OFFICE,84139120,NOS,75,NOS,75,,,,,,,excluding,,,,,,yes,,,,,,,yes,yes,,
BOI,Consumable,50401305,CSK SCREW 6 X 50MM,OFFICE,84139120,NOS,97,NOS,97,,,,,,,excluding,,,,,,yes,,,,,,,yes,yes,,
BOI,Consumable,50401306,ALLEN CSK BOLT 08 X 20MM ,OFFICE,84139120,NOS,14,NOS,14,,,,,,,excluding,,,,,,yes,,,,,,,yes,yes,,
BOI,Consumable,50401307,ALUMINIUM RIVETS 6 X 25MM,OFFICE,84139120,NOS,42,NOS,42,,,,,,,excluding,,,,,,yes,,,,,,,yes,yes,,
BOI,Consumable,50401311,"NAILS - 2"" ( KHILA)",OFFICE,84139120,NOS,5,NOS,5,,,,,,,excluding,,,,,,yes,,,,,,,yes,yes,,
BOI,Consumable,50401317,SPLIT PIN 2 x 25MM,OFFICE,84139120,NOS,7,NOS,7,,,,,,,excluding,,,,,,yes,,,,,,,yes,yes,,
BOI,Consumable,50401318,SPLIT PIN 2 x 50MM,OFFICE,84139120,NOS,10,NOS,10,,,,,,,excluding,,,,,,yes,,,,,,,yes,yes,,
BOI,Consumable,50401319,SPLIT PIN 4 x 50MM,OFFICE,84139120,NOS,21,NOS,21,,,,,,,excluding,,,,,,yes,,,,,,,yes,yes,,
BOI,Consumable,50401333,ALLEN BOLT 5X25MM,OFFICE,84139120,NOS,25,NOS,25,,,,,,,excluding,,,,,,yes,,,,,,,yes,yes,,
BOI,Consumable,50401336,ALLEN BOLT 6 X 75 MM,OFFICE,84139120,NOS,1,NOS,1,,,,,,,excluding,,,,,,yes,,,,,,,yes,yes,,
BOI,Consumable,50401339,ALLEN BOLT 8X25MM,OFFICE,84139120,NOS,12,NOS,12,,,,,,,excluding,,,,,,yes,,,,,,,yes,yes,,
BOI,Consumable,50401340,ALLEN BOLT 10 X100 MM,OFFICE,84139120,NOS,14,NOS,14,,,,,,,excluding,,,,,,yes,,,,,,,yes,yes,,
BOI,Consumable,50401341,ALLEN BOLT M6 x 30MM,OFFICE,84139120,NOS,7,NOS,7,,,,,,,excluding,,,,,,yes,,,,,,,yes,yes,,
BOI,Consumable,50401342,ALLEN HEAD BOLT 06 X 20MM ,OFFICE,84139120,NOS,6,NOS,6,,,,,,,excluding,,,,,,yes,,,,,,,yes,yes,,
BOI,Consumable,50401356,"ALLEN BOLT 3/4 X 6"" BSW",OFFICE,84139120,NOS,10,NOS,10,,,,,,,excluding,,,,,,yes,,,,,,,yes,yes,,
BOI,Consumable,50401360,"ALLEN HEAD BOLT 5/8""X3"" BSW",OFFICE,84139120,NOS,4,NOS,4,,,,,,,excluding,,,,,,yes,,,,,,,yes,yes,,
BOI,Consumable,50401366,"ALLEN HEAD BOLT 1/2""X2"" BSW",OFFICE,84139120,NOS,6,NOS,6,,,,,,,excluding,,,,,,yes,,,,,,,yes,yes,,
BOI,Consumable,50401398,ALLEN GRUB SCREW 8X20MM,OFFICE,84139120,NOS,16,NOS,16,,,,,,,excluding,,,,,,yes,,,,,,,yes,yes,,
BOI,Consumable,50401399,"ALLEN GRUB SCREW 5/16""X1/2""BSW",OFFICE,84139120,NOS,1,NOS,1,,,,,,,excluding,,,,,,yes,,,,,,,yes,yes,,
BOI,Consumable,50401409,"S.S.NUT(304)3/8""BSW",OFFICE,84139120,NOS,31,NOS,31,,,,,,,excluding,,,,,,yes,,,,,,,yes,yes,,
BOI,Consumable,50401411,H.T HEX BOLT 20 X 150MM,OFFICE,84139120,NOS,5,NOS,5,,,,,,,excluding,,,,,,yes,,,,,,,yes,yes,,
BOI,Consumable,50401442,G.I. HEX BOLT 10 X 50 MM,OFFICE,84139120,NOS,53,NOS,53,,,,,,,excluding,,,,,,yes,,,,,,,yes,yes,,
BOI,Consumable,50401456, STUD 10MM,OFFICE,84139120,NOS,2,NOS,2,,,,,,,excluding,,,,,,yes,,,,,,,yes,yes,,
BOI,Consumable,50401457,"S.S STUD BOLT 5/8"" X 60 MM",OFFICE,84139120,NOS,12,NOS,12,,,,,,,excluding,,,,,,yes,,,,,,,yes,yes,,
BOI,Consumable,50401474,"S.S STUD BOLT 3/8"" X 2""",OFFICE,84139120,NOS,14,NOS,14,,,,,,,excluding,,,,,,yes,,,,,,,yes,yes,,
BOI,Consumable,50401478,G.I.STUD 8 X 70 MM ,OFFICE,84139120,NOS,3,NOS,3,,,,,,,excluding,,,,,,yes,,,,,,,yes,yes,,
BOI,Consumable,50401479,G.I.STUD 12 X300 MM ,OFFICE,84139120,NOS,4,NOS,4,,,,,,,excluding,,,,,,yes,,,,,,,yes,yes,,
BOI,Consumable,50401481,"SPRING WASHER 1/4"" DIA",OFFICE,84139120,NOS,19,NOS,19,,,,,,,excluding,,,,,,yes,,,,,,,yes,yes,,
BOI,Consumable,50401482,"SPRING WASHER 3/8"" DIA",OFFICE,84139120,NOS,6,NOS,6,,,,,,,excluding,,,,,,yes,,,,,,,yes,yes,,
BOI,Consumable,50401490,SPRING WASHER M8,OFFICE,84139120,NOS,7,NOS,7,,,,,,,excluding,,,,,,yes,,,,,,,yes,yes,,
BOI,Consumable,50401494,"M.S HEX NUT 1.5"" BSW",OFFICE,84139120,NOS,8,NOS,8,,,,,,,excluding,,,,,,yes,,,,,,,yes,yes,,
BOI,Consumable,50401495,SPRING WASHER 27MM,OFFICE,84139120,NOS,43,NOS,43,,,,,,,excluding,,,,,,yes,,,,,,,yes,yes,,
BOI,Consumable,50401503,ALLEN BOLT 14 X 70MM,OFFICE,84139120,NOS,20,NOS,20,,,,,,,excluding,,,,,,yes,,,,,,,yes,yes,,
BOI,Consumable,50401505,ALLEN BOLT  8 X 75 MM,OFFICE,84139120,NOS,92,NOS,92,,,,,,,excluding,,,,,,yes,,,,,,,yes,yes,,
BOI,Consumable,50401506,ALLEN BOLT 8 X 65 MM,OFFICE,84139120,NOS,9,NOS,9,,,,,,,excluding,,,,,,yes,,,,,,,yes,yes,,
BOI,Consumable,50401508,ALLEN BOLT 6 X 50 MM,OFFICE,84139120,NOS,8,NOS,8,,,,,,,excluding,,,,,,yes,,,,,,,yes,yes,,
BOI,Consumable,50401510,ALLEN BOLT 14 X 50MM,OFFICE,84139120,NOS,20,NOS,20,,,,,,,excluding,,,,,,yes,,,,,,,yes,yes,,
BOI,Consumable,50401518,ALLEN GRUB SCREW 8 X 10MM,OFFICE,84139120,NOS,3,NOS,3,,,,,,,excluding,,,,,,yes,,,,,,,yes,yes,,
BOI,Consumable,50401521,ALLEN GRUB SCREW 10X16MM,OFFICE,84139120,NOS,5,NOS,5,,,,,,,excluding,,,,,,yes,,,,,,,yes,yes,,
BOI,Consumable,50401526,ALLEN BOLT 14 X 100MM,OFFICE,84139120,NOS,18,NOS,18,,,,,,,excluding,,,,,,yes,,,,,,,yes,yes,,
BOI,Consumable,50401529,G.I HEX BOLT 36 X 80MM,OFFICE,84139120,NOS,4,NOS,4,,,,,,,excluding,,,,,,yes,,,,,,,yes,yes,,
BOI,Consumable,50401539, LOCK NUT 10MM,OFFICE,84139120,NOS,10,NOS,10,,,,,,,excluding,,,,,,yes,,,,,,,yes,yes,,
BOI,Consumable,50401540,NULOCK NUT 12MM,OFFICE,84139120,NOS,10,NOS,10,,,,,,,excluding,,,,,,yes,,,,,,,yes,yes,,
BOI,Consumable,50401543,"G.I. PLAIN WASHER 3/4"" ID",OFFICE,84139120,NOS,100,NOS,100,,,,,,,excluding,,,,,,yes,,,,,,,yes,yes,,
BOI,Consumable,50401547,G.I.HEX BOLT 12X75MM,OFFICE,84139120,NOS,139,NOS,139,,,,,,,excluding,,,,,,yes,,,,,,,yes,yes,,
BOI,Consumable,50401548,G.I. PLAIN WASHER 12 MM,OFFICE,84139120,NOS,166,NOS,166,,,,,,,excluding,,,,,,yes,,,,,,,yes,yes,,
BOI,Consumable,50401555,"G.I. HEX BOLT 3/8""X2"" BSW",OFFICE,84139120,NOS,119,NOS,119,,,,,,,excluding,,,,,,yes,,,,,,,yes,yes,,
BOI,Consumable,50401570,G.I.CSK SCREW 4X50MM,OFFICE,84139120,NOS,239,NOS,239,,,,,,,excluding,,,,,,yes,,,,,,,yes,yes,,
BOI,Consumable,50401574,HEX NUT 16MM,OFFICE,84139120,NOS,29,NOS,29,,,,,,,excluding,,,,,,yes,,,,,,,yes,yes,,
BOI,Consumable,50401576,G.I. PLAIN WASHER - 3 MM,OFFICE,84139120,NOS,71,NOS,71,,,,,,,excluding,,,,,,yes,,,,,,,yes,yes,,
BOI,Consumable,50401577,G.I.PLAIN WASHER 4MM,OFFICE,84139120,NOS,112,NOS,112,,,,,,,excluding,,,,,,yes,,,,,,,yes,yes,,
BOI,Consumable,50401579,G.I.PLAIN WASHER 6MM,OFFICE,84139120,NOS,138,NOS,138,,,,,,,excluding,,,,,,yes,,,,,,,yes,yes,,
BOI,Consumable,50401585,"G.I.HEX NUT 3/8"" BSW",OFFICE,84139120,NOS,151,NOS,151,,,,,,,excluding,,,,,,yes,,,,,,,yes,yes,,
BOI,Consumable,50401586,"G.I.PLAIN WASHER 3/8""",OFFICE,84139120,NOS,33,NOS,33,,,,,,,excluding,,,,,,yes,,,,,,,yes,yes,,
BOI,Consumable,50401592,ALLEN BOLT 05 X 35MM SHCS,OFFICE,84139120,NOS,15,NOS,15,,,,,,,excluding,,,,,,yes,,,,,,,yes,yes,,
BOI,Consumable,50401593,G.I.HEX NUT 10 MM,OFFICE,84139120,NOS,51,NOS,51,,,,,,,excluding,,,,,,yes,,,,,,,yes,yes,,
BOI,Consumable,50401594,G.I.PLAIN WASHER 5MM,OFFICE,84139120,NOS,149,NOS,149,,,,,,,excluding,,,,,,yes,,,,,,,yes,yes,,
BOI,Consumable,50401598,G.I.HEX NUT 5MM,OFFICE,84139120,NOS,442,NOS,442,,,,,,,excluding,,,,,,yes,,,,,,,yes,yes,,
BOI,Consumable,50401611,"ALLEN BOLT 5/16"" X 3"" BSW",OFFICE,84139120,NOS,20,NOS,20,,,,,,,excluding,,,,,,yes,,,,,,,yes,yes,,
BOI,Consumable,50401616,ALLEN HEAD BOLT 20X75MM,OFFICE,84139120,NOS,2,NOS,2,,,,,,,excluding,,,,,,yes,,,,,,,yes,yes,,
BOI,Consumable,50401633,M.S WASHER  8 MM ID,OFFICE,84139120,NOS,236,NOS,236,,,,,,,excluding,,,,,,yes,,,,,,,yes,yes,,
BOI,Consumable,50401635,LOCK NUT 8 MM,OFFICE,84139120,NOS,10,NOS,10,,,,,,,excluding,,,,,,yes,,,,,,,yes,yes,,
BOI,Consumable,50401638,HT HEX BOLT 16 X 150MM,OFFICE,84139120,NOS,4,NOS,4,,,,,,,excluding,,,,,,yes,,,,,,,yes,yes,,
BOI,Consumable,50401641,GI HEX BOLT 10 X 100MM,OFFICE,84139120,NOS,79,NOS,79,,,,,,,excluding,,,,,,yes,,,,,,,yes,yes,,
BOI,Consumable,50401645,G.I. SPRING WASHER M-6,OFFICE,84139120,NOS,13,NOS,13,,,,,,,excluding,,,,,,yes,,,,,,,yes,yes,,
BOI,Consumable,50401647,G.I PLAIN WASHER 16 MM,OFFICE,84139120,NOS,51,NOS,51,,,,,,,excluding,,,,,,yes,,,,,,,yes,yes,,
BOI,Consumable,50401652,"KHILA ( NAILS ) 2 """,OFFICE,84139120,NOS,1,NOS,1,,,,,,,excluding,,,,,,yes,,,,,,,yes,yes,,
BOI,Consumable,50401661,ALLEN GRUB SCREW 4X4MM,OFFICE,84139120,NOS,10,NOS,10,,,,,,,excluding,,,,,,yes,,,,,,,yes,yes,,
BOI,Consumable,50401663,ALLEN GRUB SCREW 6 X 6 MM,OFFICE,84139120,NOS,2,NOS,2,,,,,,,excluding,,,,,,yes,,,,,,,yes,yes,,
BOI,Consumable,50401664,ALLEN GRUB SCREW 6X10MM,OFFICE,84139120,NOS,5,NOS,5,,,,,,,excluding,,,,,,yes,,,,,,,yes,yes,,
BOI,Consumable,50401687,G.I.  HEX NUT 4 MM,OFFICE,84139120,NOS,411,NOS,411,,,,,,,excluding,,,,,,yes,,,,,,,yes,yes,,
BOI,Consumable,50401708,CSK HEAD BOLT 05 X 40MM,OFFICE,84139120,NOS,8,NOS,8,,,,,,,excluding,,,,,,yes,,,,,,,yes,yes,,
BOI,Consumable,50401716,S.S HEX BOLT 150 X 18MM,OFFICE,84139120,NOS,4,NOS,4,,,,,,,excluding,,,,,,yes,,,,,,,yes,yes,,
BOI,Consumable,50401722,GRUB SCREW 14 X 20MM,OFFICE,84139120,NOS,20,NOS,20,,,,,,,excluding,,,,,,yes,,,,,,,yes,yes,,
BOI,Consumable,50401734,"G.I.  HEX NUT 1/2 "" BSW",OFFICE,84139120,NOS,61,NOS,61,,,,,,,excluding,,,,,,yes,,,,,,,yes,yes,,
BOI,Consumable,50401755,G.I.HEX NUT 3 MM,OFFICE,84139120,NOS,77,NOS,77,,,,,,,excluding,,,,,,yes,,,,,,,yes,yes,,
BOI,Consumable,50401759,ALLEN GRUB SCREW 04 X 10 MM,OFFICE,84139120,NOS,10,NOS,10,,,,,,,excluding,,,,,,yes,,,,,,,yes,yes,,
BOI,Consumable,50401761,ALLEN BOLT 05 X 16MM SHCS,OFFICE,84139120,NOS,21,NOS,21,,,,,,,excluding,,,,,,yes,,,,,,,yes,yes,,
BOI,Consumable,50401762,PVC /RUBBER WASHER FOR COCK/CONN.PIPE,OFFICE,84139120,NOS,20,NOS,20,,,,,,,excluding,,,,,,yes,,,,,,,yes,yes,,
BOI,Consumable,50401764,ALLEN BOLT 24 X 70MM,OFFICE,84139120,NOS,4,NOS,4,,,,,,,excluding,,,,,,yes,,,,,,,yes,yes,,
BOI,Consumable,50401776,ALLEN BOLT 04 X 35MM SHCS  ,OFFICE,84139120,NOS,18,NOS,18,,,,,,,excluding,,,,,,yes,,,,,,,yes,yes,,
BOI,Consumable,50401783,ALLEN HEAD BOLT 12MM X 70MM,OFFICE,84139120,NOS,50,NOS,50,,,,,,,excluding,,,,,,yes,,,,,,,yes,yes,,
BOI,Consumable,50401789,ANCHOR FASTNER BOLT 16 X 150MM WITH NUT & WASHER,OFFICE,84139120,NOS,40,NOS,40,,,,,,,excluding,,,,,,yes,,,,,,,yes,yes,,
BOI,Consumable,50401790,CSK BOLT 6 X 40MM C.P.,OFFICE,84139120,NOS,25,NOS,25,,,,,,,excluding,,,,,,yes,,,,,,,yes,yes,,
BOI,Consumable,50401797,M.S.HEX BOLT 10MM X 40MM,OFFICE,84139120,NOS,84,NOS,84,,,,,,,excluding,,,,,,yes,,,,,,,yes,yes,,
BOI,Consumable,50401807,G.I.HEX BOLT 5MM X 50MM,OFFICE,84139120,NOS,23,NOS,23,,,,,,,excluding,,,,,,yes,,,,,,,yes,yes,,
BOI,Consumable,50401808,G.I.HEX BOLT 6MM X 50MM,OFFICE,84139120,NOS,45,NOS,45,,,,,,,excluding,,,,,,yes,,,,,,,yes,yes,,
BOI,Consumable,50401809,G.I H.T HEX BOLT 08 X 50MM,OFFICE,84139120,NOS,42,NOS,42,,,,,,,excluding,,,,,,yes,,,,,,,yes,yes,,
BOI,Consumable,50401810,STUD 16MM X 90MM,OFFICE,84139120,NOS,8,NOS,8,,,,,,,excluding,,,,,,yes,,,,,,,yes,yes,,
BOI,Consumable,50401815,"G.I.HEX BOLT BSW 5/8"" X 4""",OFFICE,84139120,NOS,4,NOS,4,,,,,,,excluding,,,,,,yes,,,,,,,yes,yes,,
BOI,Consumable,50401816,"G.I.HEX NUT 5/8"" BSW",OFFICE,84139120,NOS,147,NOS,147,,,,,,,excluding,,,,,,yes,,,,,,,yes,yes,,
BOI,Consumable,50401833,GI HEX BOLT- 1/2''X2.1/2'',OFFICE,84139120,NOS,57,NOS,57,,,,,,,excluding,,,,,,yes,,,,,,,yes,yes,,
BOI,Consumable,50401843,"S.S STUD BOLT 3/8"" X 1.5""",OFFICE,84139120,NOS,20,NOS,20,,,,,,,excluding,,,,,,yes,,,,,,,yes,yes,,
BOI,Consumable,50401845,ALLEN BOLT 16 X 90MM,OFFICE,84139120,NOS,4,NOS,4,,,,,,,excluding,,,,,,yes,,,,,,,yes,yes,,
BOI,Consumable,50401849,ALLEN BOLT 20 X 40MM,OFFICE,84139120,NOS,60,NOS,60,,,,,,,excluding,,,,,,yes,,,,,,,yes,yes,,
BOI,Consumable,50401850,ALLEN BOLT 16 X 100MM,OFFICE,84139120,NOS,5,NOS,5,,,,,,,excluding,,,,,,yes,,,,,,,yes,yes,,
BOI,Consumable,50401851,"S.S STUD 5/16 X 06""",OFFICE,84139120,NOS,1,NOS,1,,,,,,,excluding,,,,,,yes,,,,,,,yes,yes,,
BOI,Consumable,50401852,"S.S STUD 3/8"" X 06""",OFFICE,84139120,NOS,23,NOS,23,,,,,,,excluding,,,,,,yes,,,,,,,yes,yes,,
BOI,Consumable,50401853,CSK MACHINE SCREW 05 X 100MM,OFFICE,84139120,NOS,8,NOS,8,,,,,,,excluding,,,,,,yes,,,,,,,yes,yes,,
BOI,Consumable,50401856,"S.S NUT/BOLT/WASHER STUD 12 X 06"" ",OFFICE,84139120,NOS,13,NOS,13,,,,,,,excluding,,,,,,yes,,,,,,,yes,yes,,
BOI,Consumable,50401857,H.T STUD BOLT 08 X 150MM,OFFICE,84139120,NOS,9,NOS,9,,,,,,,excluding,,,,,,yes,,,,,,,yes,yes,,
BOI,Consumable,50401885,MACHINE SCREW 05 X 40MM CHEESE HEAD ,OFFICE,84139120,NOS,11,NOS,11,,,,,,,excluding,,,,,,yes,,,,,,,yes,yes,,
BOI,Consumable,50401886,M.S HEX BOLT 18 X 40MM,OFFICE,84139120,NOS,10,NOS,10,,,,,,,excluding,,,,,,yes,,,,,,,yes,yes,,
BOI,Consumable,50401887,M.S HEX BOLT 18 X 75MM,OFFICE,84139120,NOS,4,NOS,4,,,,,,,excluding,,,,,,yes,,,,,,,yes,yes,,
BOI,Consumable,50401888,ALLEN HT BOLT 10 X 90MM,OFFICE,84139120,NOS,50,NOS,50,,,,,,,excluding,,,,,,yes,,,,,,,yes,yes,,
BOI,Consumable,50401889,ALLEN HT BOLT 10 X 65MM,OFFICE,84139120,NOS,17,NOS,17,,,,,,,excluding,,,,,,yes,,,,,,,yes,yes,,
BOI,Consumable,50401891,ALLEN HT BOLT 12 X 60MM,OFFICE,84139120,NOS,50,NOS,50,,,,,,,excluding,,,,,,yes,,,,,,,yes,yes,,
BOI,Consumable,50401892,ALLEN BOLT 10 X 80MM FULL THREAD,OFFICE,84139120,NOS,72,NOS,72,,,,,,,excluding,,,,,,yes,,,,,,,yes,yes,,
BOI,Consumable,50401893,CSK SCREW 05 X 35MM,OFFICE,84139120,NOS,24,NOS,24,,,,,,,excluding,,,,,,yes,,,,,,,yes,yes,,
BOI,Consumable,50401896,M.S.HEX NUT 45MM,OFFICE,84139120,NOS,1,NOS,1,,,,,,,excluding,,,,,,yes,,,,,,,yes,yes,,
BOI,Consumable,50401897,ALLEN BOLT 08 X 20MM,OFFICE,84139120,NOS,20,NOS,20,,,,,,,excluding,,,,,,yes,,,,,,,yes,yes,,
BOI,Consumable,50401898,ALLEN BOLT 20 X 60MM,OFFICE,84139120,NOS,19,NOS,19,,,,,,,excluding,,,,,,yes,,,,,,,yes,yes,,
BOI,Consumable,50402005,"CUTTING WHEEL 04""",OFFICE,84139120,NOS,17,NOS,17,,,,,,,excluding,,,,,,yes,,,,,,,yes,yes,,
BOI,Consumable,50402006,"FLAP WHEEL 4""",OFFICE,84139120,NOS,8,NOS,8,,,,,,,excluding,,,,,,yes,,,,,,,yes,yes,,
BOI,Consumable,50402007,"GRINDING WHEEL 4"" (100MMX4MMX12.7MM)",OFFICE,84139120,NOS,35,NOS,35,,,,,,,excluding,,,,,,yes,,,,,,,yes,yes,,
BOI,Consumable,50402008,"CUTTING WHEEL 14""",OFFICE,84139120,NOS,3,NOS,3,,,,,,,excluding,,,,,,yes,,,,,,,yes,yes,,
BOI,Consumable,50402011,ALOXITE CLOTH ROLL 38MM WIDTH X 50 MTR LONG X 320 GRIT,OFFICE,84139120,NOS,12,NOS,12,,,,,,,excluding,,,,,,yes,,,,,,,yes,yes,,
BOI,Consumable,50402013,"GRINDING WHEEL 5"" DIA X 6MM THICK",OFFICE,84139120,NOS,13,NOS,13,,,,,,,excluding,,,,,,yes,,,,,,,yes,yes,,
BOI,Consumable,50402016,"CUTTING WHEEL 5"" (125MM) ",OFFICE,84139120,NOS,18,NOS,18,,,,,,,excluding,,,,,,yes,,,,,,,yes,yes,,
BOI,Consumable,50402040,ALOXIDE CLOTH PAPER DISC 350MM,OFFICE,84139120,NOS,5,NOS,5,,,,,,,excluding,,,,,,yes,,,,,,,yes,yes,,
BOI,Consumable,50402045,EMERY PAPER GRIT-800,OFFICE,84139120,NOS,46,NOS,46,,,,,,,excluding,,,,,,yes,,,,,,,yes,yes,,
BOI,Consumable,50402046,EMERY PAPER  NOS:400(WATER PROOF),OFFICE,84139120,NOS,25,NOS,25,,,,,,,excluding,,,,,,yes,,,,,,,yes,yes,,
BOI,Consumable,50402047,EMERY PAPER GRIT-600,OFFICE,84139120,NOS,40,NOS,40,,,,,,,excluding,,,,,,yes,,,,,,,yes,yes,,
BOI,Consumable,50402055,CUTTING WHEEL 100MM X 2.5MM X 16MM,OFFICE,84139120,NOS,6,NOS,6,,,,,,,excluding,,,,,,yes,,,,,,,yes,yes,,
BOI,Consumable,50403003,RING GASKET 100MM NB,OFFICE,84139120,NOS,14,NOS,14,,,,,,,excluding,,,,,,yes,,,,,,,yes,yes,,
BOI,Consumable,50403006,RING GASKET 50MM NB,OFFICE,84139120,NOS,3,NOS,3,,,,,,,excluding,,,,,,yes,,,,,,,yes,yes,,
BOI,Consumable,50403011,FIBER GLASS TAP ,OFFICE,84139120,NOS,8,NOS,8,,,,,,,excluding,,,,,,yes,,,,,,,yes,yes,,
BOI,Consumable,50403013,NEO RUBBER SHEET 04FT X 07FT X 12MM,OFFICE,84139120,NOS,1,NOS,1,,,,,,,excluding,,,,,,yes,,,,,,,yes,yes,,
BOI,Consumable,50403015,METALIC GASKET SHEET 3MM,OFFICE,84139120,KG,3.6,KG,3.6,,,,,,,excluding,,,,,,yes,,,,,,,yes,yes,,
BOI,Consumable,50403019,CHAMPION GASKET SHEET 3.2MM,OFFICE,84139120,KG,7.9,KG,7.9,,,,,,,excluding,,,,,,yes,,,,,,,yes,yes,,
BOI,Consumable,50403020,"WHITE RUBBER SHEET 1/8"" THICK.",OFFICE,84139120,KG,3.3,KG,3.3,,,,,,,excluding,,,,,,yes,,,,,,,yes,yes,,
BOI,Consumable,50403027,"CELLOW TAPE 3/4"" WIDTH",OFFICE,84139120,NOS,37,NOS,37,,,,,,,excluding,,,,,,yes,,,,,,,yes,yes,,
BOI,Consumable,50403029,SYNTHANIA SHEET 20MM THICK,OFFICE,84139120,KG,1,KG,1,,,,,,,excluding,,,,,,yes,,,,,,,yes,yes,,
BOI,Consumable,50403032,BRASS SHIM 0.23MM THICK.,OFFICE,84139120,NOS,0.6,NOS,0.6,,,,,,,excluding,,,,,,yes,,,,,,,yes,yes,,
BOI,Consumable,50403036,PVC LAMINATED TILES FOR CELLINGS NOS.975,OFFICE,84139120,NOS,50,NOS,50,,,,,,,excluding,,,,,,yes,,,,,,,yes,yes,,
BOI,Consumable,50403038,BRASS SHIL 1MM,OFFICE,84139120,NOS,0.95,NOS,0.95,,,,,,,excluding,,,,,,yes,,,,,,,yes,yes,,
BOI,Consumable,50403042,ASBESTOSE YARN 6MM THICK.,OFFICE,84139120,KG,2,KG,2,,,,,,,excluding,,,,,,yes,,,,,,,yes,yes,,
BOI,Consumable,50403043,BACKLITE SHEET 1200 X 100 X 25MM,OFFICE,84139120,NOS,2,NOS,2,,,,,,,excluding,,,,,,yes,,,,,,,yes,yes,,
BOI,Consumable,50403046,GREPHITED GLAND PACKING  8MM,OFFICE,84139120,KG,0.1,KG,0.1,,,,,,,excluding,,,,,,yes,,,,,,,yes,yes,,
BOI,Consumable,50403053,"GLAND PACKING (GREPHITED) 1/4"" THICK.",OFFICE,84139120,KG,0.8,KG,0.8,,,,,,,excluding,,,,,,yes,,,,,,,yes,yes,,
BOI,Consumable,50403054,TEFLON ROD OD 50MM  LENGH 500MM,OFFICE,84139120,NOS,2.64,NOS,2.64,,,,,,,excluding,,,,,,yes,,,,,,,yes,yes,,
BOI,Consumable,50403056,CHAMPION GASKET SHEET 02MM NOS.39,OFFICE,84139120,MTR,9.1,MTR,9.1,,,,,,,excluding,,,,,,yes,,,,,,,yes,yes,,
BOI,Consumable,50403058,GUIDE RING 45 X 50 X 5.5 X 2.5MM,OFFICE,84139120,NOS,3,NOS,3,,,,,,,excluding,,,,,,yes,,,,,,,yes,yes,,
BOI,Consumable,50403076,LOCTITE - 641(THREAD LOCKER),OFFICE,84139120,BTL,5,BTL,5,,,,,,,excluding,,,,,,yes,,,,,,,yes,yes,,
BOI,Consumable,50403081,OIL PAPER SHEET ,OFFICE,84139120,NOS,16,NOS,16,,,,,,,excluding,,,,,,yes,,,,,,,yes,yes,,
BOI,Consumable,50403092,CAST NYLON ROD 200MM OD X 01MTR LONG,OFFICE,84139120,NOS,1,NOS,1,,,,,,,excluding,,,,,,yes,,,,,,,yes,yes,,
BOI,Consumable,50403118,GRAPHITE PLATE 710 X 350 X 25MM,OFFICE,84139120,NOS,1,NOS,1,,,,,,,excluding,,,,,,yes,,,,,,,yes,yes,,
BOI,Consumable,50403122,GREPHITE RING 193 X 20 X 5.3MM,OFFICE,84139120,NOS,6,NOS,6,,,,,,,excluding,,,,,,yes,,,,,,,yes,yes,,
BOI,Consumable,50403124,GRAPHITE PLATE 400 X 80 X 25MM,OFFICE,84139120,NOS,43,NOS,43,,,,,,,excluding,,,,,,yes,,,,,,,yes,yes,,
BOI,Consumable,50403137,NEO.RUBBER SHEET 2.5MM THICK(OIL RESISTANCE),OFFICE,84139120,KG,8.92,KG,8.92,,,,,,,excluding,,,,,,yes,,,,,,,yes,yes,,
BOI,Consumable,50403139,RUBBER SHEET NEOPRENE BLACK 02MM,OFFICE,84139120,KG,12.9,KG,12.9,,,,,,,excluding,,,,,,yes,,,,,,,yes,yes,,
BOI,Consumable,50403145,RUBBER PANEL SHEET 2000 X 1000MM,OFFICE,84139120,NOS,1,NOS,1,,,,,,,excluding,,,,,,yes,,,,,,,yes,yes,,
BOI,Consumable,50403146,SILICONE SEALENT (300GMS),OFFICE,84139120,TUBE,8,TUBE,8,,,,,,,excluding,,,,,,yes,,,,,,,yes,yes,,
BOI,Consumable,50403149,"IMPORTED GRAPHITE RING 06"" SK",OFFICE,84139120,NOS,12,NOS,12,,,,,,,excluding,,,,,,yes,,,,,,,yes,yes,,
BOI,Consumable,50403150,"IMPORTED GRAPHITE RING 07""",OFFICE,84139120,NOS,20,NOS,20,,,,,,,excluding,,,,,,yes,,,,,,,yes,yes,,
BOI,Consumable,50404001,M.SEAL,OFFICE,84139120,KG,1,KG,1,,,,,,,excluding,,,,,,yes,,,,,,,yes,yes,,
BOI,Consumable,50404002,FEVICOL,OFFICE,84139120,KG,6,KG,6,,,,,,,excluding,,,,,,yes,,,,,,,yes,yes,,
BOI,Consumable,50404004,COTTON CLOTH,OFFICE,84139120,KG,62,KG,62,,,,,,,excluding,,,,,,yes,,,,,,,yes,yes,,
BOI,Consumable,50404007,BATTERY CELL 1.5V LR-44,OFFICE,84139120,NOS,3,NOS,3,,,,,,,excluding,,,,,,yes,,,,,,,yes,yes,,
BOI,Consumable,50404011,"PAINTING BRUSH 4""",OFFICE,84139120,NOS,8,NOS,8,,,,,,,excluding,,,,,,yes,,,,,,,yes,yes,,
BOI,Consumable,50404013,"PAINTING BRUSH 2""",OFFICE,84139120,NOS,6,NOS,6,,,,,,,excluding,,,,,,yes,,,,,,,yes,yes,,
BOI,Consumable,50404014,"PAINTING BRUSH 1.5""",OFFICE,84139120,NOS,1,NOS,1,,,,,,,excluding,,,,,,yes,,,,,,,yes,yes,,
BOI,Consumable,50404016,TORCH,OFFICE,84139120,NOS,3,NOS,3,,,,,,,excluding,,,,,,yes,,,,,,,yes,yes,,
BOI,Consumable,50404017,OIL CAN,OFFICE,84139120,NOS,3,NOS,3,,,,,,,excluding,,,,,,yes,,,,,,,yes,yes,,
BOI,Consumable,50404018,TISSUE PAPER,OFFICE,84139120,NOS,4,NOS,4,,,,,,,excluding,,,,,,yes,,,,,,,yes,yes,,
BOI,Consumable,50404019,UMBRELLA,OFFICE,84139120,NOS,4,NOS,4,,,,,,,excluding,,,,,,yes,,,,,,,yes,yes,,
BOI,Consumable,50404022,"COTTON HANDGLOVES 10"" LONG",OFFICE,84139120,PAIR,248,PAIR,248,,,,,,,excluding,,,,,,yes,,,,,,,yes,yes,,
BOI,Consumable,50404023,CHALK STICK BOX,OFFICE,84139120,NOS,5,NOS,5,,,,,,,excluding,,,,,,yes,,,,,,,yes,yes,,
BOI,Consumable,50404026,CELL AA (BATTERY CELL),OFFICE,84139120,NOS,24,NOS,24,,,,,,,excluding,,,,,,yes,,,,,,,yes,yes,,
BOI,Consumable,50404031,"DOUBLE SIDE FOAM TAPE SIZE: 01"" X 05MTR",OFFICE,84139120,NOS,4,NOS,4,,,,,,,excluding,,,,,,yes,,,,,,,yes,yes,,
BOI,Consumable,50404034,FILE HANDLE,OFFICE,84139120,NOS,5,NOS,5,,,,,,,excluding,,,,,,yes,,,,,,,yes,yes,,
BOI,Consumable,50404037,LEATHER APRON,OFFICE,84139120,NOS,4,NOS,4,,,,,,,excluding,,,,,,yes,,,,,,,yes,yes,,
BOI,Consumable,50404047,BATTERY 9VOLT (CELL),OFFICE,84139120,KG,5,KG,5,,,,,,,excluding,,,,,,yes,,,,,,,yes,yes,,
BOI,Consumable,50404058,CHALK POWDER(WHITING POWDER),OFFICE,84139120,KG,40,KG,40,,,,,,,excluding,,,,,,yes,,,,,,,yes,yes,,
BOI,Consumable,50404060,FEVICOL SR-998 500ML,OFFICE,84139120,TIN,2,TIN,2,,,,,,,excluding,,,,,,yes,,,,,,,yes,yes,,
BOI,Consumable,50404067,SAFETY FACE SHIELD,OFFICE,84139120,NOS,5,NOS,5,,,,,,,excluding,,,,,,yes,,,,,,,yes,yes,,
BOI,Consumable,50404069,"DOM GLASS 6""",OFFICE,84139120,NOS,49,NOS,49,,,,,,,excluding,,,,,,yes,,,,,,,yes,yes,,
BOI,Consumable,50404070,"MARBLE CUTTER BLADE 4""",OFFICE,84139120,NOS,1,NOS,1,,,,,,,excluding,,,,,,yes,,,,,,,yes,yes,,
BOI,Consumable,50404072,CRC SPRAY BOTTLE,OFFICE,84139120,NOS,1,NOS,1,,,,,,,excluding,,,,,,yes,,,,,,,yes,yes,,
BOI,Consumable,50404078,KEVLER GLOVES,OFFICE,84139120,PAIR,2,PAIR,2,,,,,,,excluding,,,,,,yes,,,,,,,yes,yes,,
BOI,Consumable,50404080,CELL AAA,OFFICE,84139120,NOS,8,NOS,8,,,,,,,excluding,,,,,,yes,,,,,,,yes,yes,,
BOI,Consumable,50404082,"RUBBER HANDGLOVES 14""/16""",OFFICE,84139120,PAIR,13,PAIR,13,,,,,,,excluding,,,,,,yes,,,,,,,yes,yes,,
BOI,Consumable,50404084,"GREEN CANVASS HANDGLOVES 12""",OFFICE,84139120,PAIR,128,PAIR,128,,,,,,,excluding,,,,,,yes,,,,,,,yes,yes,,
BOI,Consumable,50404089,MASK,OFFICE,84139120,NOS,36,NOS,36,,,,,,,excluding,,,,,,yes,,,,,,,yes,yes,,
BOI,Consumable,50404092,BATTERY FOR DIGITAL VERNIER CR2032V,OFFICE,84139120,NOS,12,NOS,12,,,,,,,excluding,,,,,,yes,,,,,,,yes,yes,,
BOI,Consumable,50404100,SAFETY SHOES,OFFICE,84139120,PAIR,26,PAIR,26,,,,,,,excluding,,,,,,yes,,,,,,,yes,yes,,
BOI,Consumable,50404102,LOCTITE 262 HIGH STRENGTH HEAVY DUTY(THREAD  LOCKER),OFFICE,84139120,TUBE,4,TUBE,4,,,,,,,excluding,,,,,,yes,,,,,,,yes,yes,,
BOI,Consumable,50404104,LOCTITE 641 (50ML)LIQUID SEALENT.,OFFICE,84139120,BTL,5,BTL,5,,,,,,,excluding,,,,,,yes,,,,,,,yes,yes,,
BOI,Consumable,50404113,SCOTCH BRIGHT PAD,OFFICE,84139120,NOS,20,NOS,20,,,,,,,excluding,,,,,,yes,,,,,,,yes,yes,,
BOI,Consumable,50404116,RUBBER BAND 1.5 (140gsm),OFFICE,84139120,PKT,1,PKT,1,,,,,,,excluding,,,,,,yes,,,,,,,yes,yes,,
BOI,Consumable,50404122,CHAIN LUBE SPRAY 9341 500ML,OFFICE,84139120,TIN,2,TIN,2,,,,,,,excluding,,,,,,yes,,,,,,,yes,yes,,
BOI,Consumable,50404125,FLOOR MARKING TAPE 75MM WIDTH,OFFICE,84139120,NOS,10,NOS,10,,,,,,,excluding,,,,,,yes,,,,,,,yes,yes,,
BOI,Consumable,50404126,FLOOR MARKING TAPE 48MM WIDTH,OFFICE,84139120,NOS,5,NOS,5,,,,,,,excluding,,,,,,yes,,,,,,,yes,yes,,
BOI,Consumable,50404127,PVC SOLUTION ,OFFICE,84139120,TIN,2,TIN,2,,,,,,,excluding,,,,,,yes,,,,,,,yes,yes,,
BOI,Consumable,50404128,ACC TUBE 50 FOR ELECTRICALS JOINTS,OFFICE,84139120,TUBE,2,TUBE,2,,,,,,,excluding,,,,,,yes,,,,,,,yes,yes,,
BOI,Consumable,50404143,BATTERY 9 VOLT,OFFICE,84139120,NOS,5,NOS,5,,,,,,,excluding,,,,,,yes,,,,,,,yes,yes,,
BOI,Consumable,50404153,LOCK&KEY SMALL,OFFICE,84139120,NOS,1,NOS,1,,,,,,,excluding,,,,,,yes,,,,,,,yes,yes,,
BOI,Consumable,50404248,RAINCOAT,OFFICE,84139120,NOS,5,NOS,5,,,,,,,excluding,,,,,,yes,,,,,,,yes,yes,,
BOI,Consumable,50404251,"PAINTING BRUSH 3""",OFFICE,84139120,NOS,6,NOS,6,,,,,,,excluding,,,,,,yes,,,,,,,yes,yes,,
BOI,Consumable,50404252,EAR MUFF EP-21,OFFICE,84139120,NOS,2,NOS,2,,,,,,,excluding,,,,,,yes,,,,,,,yes,yes,,
BOI,Consumable,50404262,SEAFTY HELMET YELLOW,OFFICE,84139120,NOS,8,NOS,8,,,,,,,excluding,,,,,,yes,,,,,,,yes,yes,,
BOI,Consumable,50404263,SAFETY HELMET WHITE,OFFICE,84139120,NOS,9,NOS,9,,,,,,,excluding,,,,,,yes,,,,,,,yes,yes,,
BOI,Consumable,50404285,MENS POLO T-SHIRTS GREY MELANGE (UNIFORM),OFFICE,84139120,NOS,95,NOS,95,,,,,,,excluding,,,,,,yes,,,,,,,yes,yes,,
BOI,Consumable,50404286,STAFF UNIFORM (SIYARAM STAR GRACE),OFFICE,84139120,PAIR,3,PAIR,3,,,,,,,excluding,,,,,,yes,,,,,,,yes,yes,,
BOI,Consumable,50404287,HOUSE KEEPING UNIFORM,OFFICE,84139120,PAIR,1,PAIR,1,,,,,,,excluding,,,,,,yes,,,,,,,yes,yes,,
BOI,Consumable,50404292,APPRON UNIFORM,OFFICE,84139120,NOS,4,NOS,4,,,,,,,excluding,,,,,,yes,,,,,,,yes,yes,,
BOI,Consumable,50404299,MENS POLO T-SHIRTS TRUE NAVY  (UNIFORM),OFFICE,84139120,NOS,43,NOS,43,,,,,,,excluding,,,,,,yes,,,,,,,yes,yes,,
BOI,Consumable,50404305,"PUTTY PATRA 8""",OFFICE,84139120,NOS,1,NOS,1,,,,,,,excluding,,,,,,yes,,,,,,,yes,yes,,
BOI,Consumable,50404309,AIR PLUG 3M,OFFICE,84139120,NOS,22,NOS,22,,,,,,,excluding,,,,,,yes,,,,,,,yes,yes,,
BOI,Engineering ,50501052,"S.S BELLOW PIPE 1.1/2"" X 1000MM",OFFICE,84139120,NOS,1,NOS,1,,,,,,,excluding,,,,,,yes,,,,,,,yes,yes,,
BOI,Engineering ,50502020,"G.I.FLEXIBLE PIPE 1""",OFFICE,84139120,MTR,25,MTR,25,,,,,,,excluding,,,,,,yes,,,,,,,yes,yes,,
BOI,Engineering ,50502023,"G.I.FLEXIBLE PIPE 1.1/2""",OFFICE,84139120,MTR,25,MTR,25,,,,,,,excluding,,,,,,yes,,,,,,,yes,yes,,
BOI,Engineering ,50503016,"COOLANT PIPE 3/8"" X 600MM LONG (METAL FLEXIBLE)",OFFICE,84139120,NOS,4,NOS,4,,,,,,,excluding,,,,,,yes,,,,,,,yes,yes,,
BOI,Engineering ,50504004,"HYD.HOSE PIPE 1.25"" X 1 MTR LONG",OFFICE,84139120,NOS,1,NOS,1,,,,,,,excluding,,,,,,yes,,,,,,,yes,yes,,
BOI,Engineering ,50504007,"NYLON BRAIDED PIPE 1/2""",OFFICE,84139120,MTR,11,MTR,11,,,,,,,excluding,,,,,,yes,,,,,,,yes,yes,,
BOI,Engineering ,50504009,PU PIPE 10MM,OFFICE,84139120,MTR,10,MTR,10,,,,,,,excluding,,,,,,yes,,,,,,,yes,yes,,
BOI,Engineering ,50504012,PU PIPE 12MM ,OFFICE,84139120,MTR,20,MTR,20,,,,,,,excluding,,,,,,yes,,,,,,,yes,yes,,
BOI,Engineering ,50504013,PU PIPE TRANSPERENT 4MM,OFFICE,84139120,MTR,13,MTR,13,,,,,,,excluding,,,,,,yes,,,,,,,yes,yes,,
BOI,Engineering ,50504016,"GREEN BRAIDED PIPE 3/4""",OFFICE,84139120,MTR,20,MTR,20,,,,,,,excluding,,,,,,yes,,,,,,,yes,yes,,
BOI,Engineering ,50504020,"HYD. PIPE 1"" 2.5 MTR LONG",OFFICE,84139120,NOS,1,NOS,1,,,,,,,excluding,,,,,,yes,,,,,,,yes,yes,,
BOI,Engineering ,50504026,"HYD. HOSE PIPE 1/2""X1MTR LONG",OFFICE,84139120,NOS,6,NOS,6,,,,,,,excluding,,,,,,yes,,,,,,,yes,yes,,
BOI,Engineering ,50504028,"HYD.HOSE PIPE (RUBBER) 1.25"" X2000MM STF X STF",OFFICE,84139120,NOS,1,NOS,1,,,,,,,excluding,,,,,,yes,,,,,,,yes,yes,,
BOI,Engineering ,50504029,PU PIPE 6MM,OFFICE,84139120,MTR,25,MTR,25,,,,,,,excluding,,,,,,yes,,,,,,,yes,yes,,
BOI,Engineering ,50504032,"HYD.HOSE PIPE 3/4"" X 1500 MM",OFFICE,84139120,NOS,2,NOS,2,,,,,,,excluding,,,,,,yes,,,,,,,yes,yes,,
BOI,Engineering ,50504036,2MPA (20 BAR) HOSE PIPE MASSER-21 BLUE,OFFICE,84139120,MTR,15,MTR,15,,,,,,,excluding,,,,,,yes,,,,,,,yes,yes,,
BOI,Engineering ,50504039,"HYD. HOSE PIPE 1.1/4"" X 4000MM PR 210 BAR",OFFICE,84139120,NOS,1,NOS,1,,,,,,,excluding,,,,,,yes,,,,,,,yes,yes,,
BOI,Engineering ,50504041,"HYD. HOSE PIPE (RUBBAR)3/4""X1700MMPR 300BAR",OFFICE,84139120,NOS,2,NOS,2,,,,,,,excluding,,,,,,yes,,,,,,,yes,yes,,
BOI,Engineering ,50504042,"RUBBER HOSE PIPE 1/2""X2MTR LONG",OFFICE,84139120,NOS,1,NOS,1,,,,,,,excluding,,,,,,yes,,,,,,,yes,yes,,
BOI,Engineering ,50504044,"HYD. HOSE PIPE BOTH END FLANGE 1.5"" X 600MM 300BAR",OFFICE,84139120,NOS,2,NOS,2,,,,,,,excluding,,,,,,yes,,,,,,,yes,yes,,
BOI,Engineering ,50504045,"HYD. HOSE PIPE BOTH END FLANGE 1.25"" X 600MM 300BAR",OFFICE,84139120,NOS,2,NOS,2,,,,,,,excluding,,,,,,yes,,,,,,,yes,yes,,
BOI,Engineering ,50504046,"HYD. HOSE PIPE BOTH END FLANGE 1.5"" X 2000MM 300BAR",OFFICE,84139120,NOS,2,NOS,2,,,,,,,excluding,,,,,,yes,,,,,,,yes,yes,,
BOI,Engineering ,50504047,"HYD. HOSE PIPE BOTH END FLANGE ONE SIDE L TYPE 1.5"" X 2000MM 300BAR",OFFICE,84139120,NOS,2,NOS,2,,,,,,,excluding,,,,,,yes,,,,,,,yes,yes,,
BOI,Engineering ,50504048,"HYD.HOSE PIPE 1""BSP X 1 MTR LONG FEMALE",OFFICE,84139120,NOS,4,NOS,4,,,,,,,excluding,,,,,,yes,,,,,,,yes,yes,,
BOI,Engineering ,50504049,"HYD. HOSE PIPE 01"" X 1600MM ONE END L TYPE",OFFICE,84139120,NOS,1,NOS,1,,,,,,,excluding,,,,,,yes,,,,,,,yes,yes,,
BOI,Engineering ,50504050,"HYD.HOSE PIPE (RUBBER) 1/2"" X 1800MM ONE SIDE 90 DEG.L",OFFICE,84139120,NOS,1,NOS,1,,,,,,,excluding,,,,,,yes,,,,,,,yes,yes,,
BOI,Engineering ,50504051,"PVC FLEXIBLE WIRE REINFOCE PIPE 6"" DIA",OFFICE,84139120,MTR,2,MTR,2,,,,,,,excluding,,,,,,yes,,,,,,,yes,yes,,
BOI,Engineering ,50504066,"PVC PIPE 1.5""",OFFICE,84139120,MTR,30,MTR,30,,,,,,,excluding,,,,,,yes,,,,,,,yes,yes,,
BOI,Engineering ,50504090,"HYD.HOSE PIPE (RUBBER) 3/8"" X 500MM ",OFFICE,84139120,NOS,4,NOS,4,,,,,,,excluding,,,,,,yes,,,,,,,yes,yes,,
BOI,Engineering ,50504092,"HYD. HOSE PIPE 3/4"" X 01 MTR",OFFICE,84139120,NOS,4,NOS,4,,,,,,,excluding,,,,,,yes,,,,,,,yes,yes,,
BOI,Engineering ,50504096,PVC FLEXIBLE PIPE 16MM,OFFICE,84139120,MTR,25,MTR,25,,,,,,,excluding,,,,,,yes,,,,,,,yes,yes,,
BOI,Engineering ,50504122,"HYD.HOSE PIPE 1.2"" X 2 MTR LONG",OFFICE,84139120,NOS,1,NOS,1,,,,,,,excluding,,,,,,yes,,,,,,,yes,yes,,
BOI,Engineering ,50504151,FLANGE EXPANSION BELLOW FOR HYDRAULIC PIPE (RUBBER BELLOW),OFFICE,84139120,NOS,1,NOS,1,,,,,,,excluding,,,,,,yes,,,,,,,yes,yes,,
BOI,Engineering ,50505003,"M.S.SLIPHON FLANGE 150MM(6"")",OFFICE,84139120,NOS,1,NOS,1,,,,,,,excluding,,,,,,yes,,,,,,,yes,yes,,
BOI,Engineering ,50505005,"M.S. SLIPHONE FLANGE 80 MM (3"")",OFFICE,84139120,NOS,10,NOS,10,,,,,,,excluding,,,,,,yes,,,,,,,yes,yes,,
BOI,Engineering ,50505006,"M.S.SLIPHON FLANGE 65MM(2.1/2"")",OFFICE,84139120,NOS,8,NOS,8,,,,,,,excluding,,,,,,yes,,,,,,,yes,yes,,
BOI,Engineering ,50505007,"M.S.SLIPHON FLANGE 50MM(2"")",OFFICE,84139120,NOS,10,NOS,10,,,,,,,excluding,,,,,,yes,,,,,,,yes,yes,,
BOI,Engineering ,50505008,"M.S.SLIPHON FLANGE 40MM(1.1/2"")",OFFICE,84139120,NOS,7,NOS,7,,,,,,,excluding,,,,,,yes,,,,,,,yes,yes,,
BOI,Engineering ,50505010,M S  SLIPHOM FLANGE  50MM ( 2''),OFFICE,84139120,NOS,2,NOS,2,,,,,,,excluding,,,,,,yes,,,,,,,yes,yes,,
BOI,Engineering ,50505013,"M.S.SLIPHON FLANGE 125MM(5"")",OFFICE,84139120,NOS,2,NOS,2,,,,,,,excluding,,,,,,yes,,,,,,,yes,yes,,
BOI,Engineering ,50505016,"BRASS SAILENSER 1/4""",OFFICE,84139120,NOS,3,NOS,3,,,,,,,excluding,,,,,,yes,,,,,,,yes,yes,,
BOI,Engineering ,50505017,"BRASS SAILENSER 1/8""",OFFICE,84139120,NOS,4,NOS,4,,,,,,,excluding,,,,,,yes,,,,,,,yes,yes,,
BOI,Engineering ,50505027,"PU MALE ELBOW (PUSH TYPE FITTING )3/4"" X 12MM",OFFICE,84139120,NOS,19,NOS,19,,,,,,,excluding,,,,,,yes,,,,,,,yes,yes,,
BOI,Engineering ,50505030,PUSH JOINT 8 X 10MM,OFFICE,84139120,NOS,16,NOS,16,,,,,,,excluding,,,,,,yes,,,,,,,yes,yes,,
BOI,Engineering ,50505033,"M.S SHORT BEND 2.1/2"" C CLASS",OFFICE,84139120,NOS,4,NOS,4,,,,,,,excluding,,,,,,yes,,,,,,,yes,yes,,
BOI,Engineering ,50505035,"M.S.ELBOW 2.5""",OFFICE,84139120,NOS,1,NOS,1,,,,,,,excluding,,,,,,yes,,,,,,,yes,yes,,
BOI,Engineering ,50505037,"M.S.ELBOW 40MM(1.1/2"")",OFFICE,84139120,NOS,6,NOS,6,,,,,,,excluding,,,,,,yes,,,,,,,yes,yes,,
BOI,Engineering ,50505039,"M.S.ELBOW 20MM(3/4"")",OFFICE,84139120,NOS,1,NOS,1,,,,,,,excluding,,,,,,yes,,,,,,,yes,yes,,
BOI,Engineering ,50505041,"M.S.ELBOW 1/2""",OFFICE,84139120,NOS,3,NOS,3,,,,,,,excluding,,,,,,yes,,,,,,,yes,yes,,
BOI,Engineering ,50505044,"M.S SHORT BEND 04""",OFFICE,84139120,NOS,2,NOS,2,,,,,,,excluding,,,,,,yes,,,,,,,yes,yes,,
BOI,Engineering ,50505045,"M.S SHORT BEND 05""",OFFICE,84139120,NOS,2,NOS,2,,,,,,,excluding,,,,,,yes,,,,,,,yes,yes,,
BOI,Engineering ,50505046,"M.S BEND 02""",OFFICE,84139120,NOS,3,NOS,3,,,,,,,excluding,,,,,,yes,,,,,,,yes,yes,,
BOI,Engineering ,50505047,"M.S.ELBOW 2""",OFFICE,84139120,NOS,10,NOS,10,,,,,,,excluding,,,,,,yes,,,,,,,yes,yes,,
BOI,Engineering ,50505067,"M.S.TEE 2""X2""X2""",OFFICE,84139120,NOS,2,NOS,2,,,,,,,excluding,,,,,,yes,,,,,,,yes,yes,,
BOI,Engineering ,50505068,"M.S.TEE 1.5""",OFFICE,84139120,NOS,2,NOS,2,,,,,,,excluding,,,,,,yes,,,,,,,yes,yes,,
BOI,Engineering ,50505078,"M.S.REDUCER NIPPLE 1.25"" X 01""",OFFICE,84139120,NOS,2,NOS,2,,,,,,,excluding,,,,,,yes,,,,,,,yes,yes,,
BOI,Engineering ,50505079,"HYD.HEX NIPPLE 3/4"" X 3/8"" BSP",OFFICE,84139120,NOS,3,NOS,3,,,,,,,excluding,,,,,,yes,,,,,,,yes,yes,,
BOI,Engineering ,50505080,"M.S.UNION 1""",OFFICE,84139120,NOS,5,NOS,5,,,,,,,excluding,,,,,,yes,,,,,,,yes,yes,,
BOI,Engineering ,50505085,"HYD. M.S.HEX NIPPLE 2""",OFFICE,84139120,NOS,2,NOS,2,,,,,,,excluding,,,,,,yes,,,,,,,yes,yes,,
BOI,Engineering ,50505098,"M.S.PIPE NIPPLE 1.5"" X 6""",OFFICE,84139120,NOS,5,NOS,5,,,,,,,excluding,,,,,,yes,,,,,,,yes,yes,,
BOI,Engineering ,50505099,"M.S.NIPPLE 3/8"" X 5/16""(10 X 8MM)",OFFICE,84139120,NOS,5,NOS,5,,,,,,,excluding,,,,,,yes,,,,,,,yes,yes,,
BOI,Engineering ,50505100,"M.S.HEX NIPPLE 5/6""(10MM)",OFFICE,84139120,NOS,4,NOS,4,,,,,,,excluding,,,,,,yes,,,,,,,yes,yes,,
BOI,Engineering ,50505101,"M.S.REDUCER 2""X1.1/2""",OFFICE,84139120,NOS,1,NOS,1,,,,,,,excluding,,,,,,yes,,,,,,,yes,yes,,
BOI,Engineering ,50505106,"S.S.COUPLING 1/4""",OFFICE,84139120,NOS,10,NOS,10,,,,,,,excluding,,,,,,yes,,,,,,,yes,yes,,
BOI,Engineering ,50505110,"M.S.SOCKET 1/4"" BSP",OFFICE,84139120,NOS,3,NOS,3,,,,,,,excluding,,,,,,yes,,,,,,,yes,yes,,
BOI,Engineering ,50505111,"M.S.SOCKET 1.1/2""",OFFICE,84139120,NOS,6,NOS,6,,,,,,,excluding,,,,,,yes,,,,,,,yes,yes,,
BOI,Engineering ,50505113,"M.S.SOCKET 3/4""",OFFICE,84139120,NOS,3,NOS,3,,,,,,,excluding,,,,,,yes,,,,,,,yes,yes,,
BOI,Engineering ,50505114,"M.S. SOCKET 1/2""",OFFICE,84139120,NOS,10,NOS,10,,,,,,,excluding,,,,,,yes,,,,,,,yes,yes,,
BOI,Engineering ,50505117,"M.S.PLUG 1/2""",OFFICE,84139120,NOS,10,NOS,10,,,,,,,excluding,,,,,,yes,,,,,,,yes,yes,,
BOI,Engineering ,50505120,"MS FORGED COUPLING 2""",OFFICE,84139120,NOS,1,NOS,1,,,,,,,excluding,,,,,,yes,,,,,,,yes,yes,,
BOI,Engineering ,50505123,"M.S.HEX NIPPLE 1""X3/4""",OFFICE,84139120,NOS,3,NOS,3,,,,,,,excluding,,,,,,yes,,,,,,,yes,yes,,
BOI,Engineering ,50505124,"HYD HEX NIPPLE 1/4 X 1""",OFFICE,84139120,NOS,1,NOS,1,,,,,,,excluding,,,,,,yes,,,,,,,yes,yes,,
BOI,Engineering ,50505127,"HYD.HEX NIPPLE 1"" X 1/2""",OFFICE,84139120,NOS,10,NOS,10,,,,,,,excluding,,,,,,yes,,,,,,,yes,yes,,
BOI,Engineering ,50505128,"HYD.HEX NIPPLE 1"" X 3/4""",OFFICE,84139120,NOS,10,NOS,10,,,,,,,excluding,,,,,,yes,,,,,,,yes,yes,,
BOI,Engineering ,50505131,"M.S.HEX NIPPLE 1/2""X3/8""",OFFICE,84139120,NOS,2,NOS,2,,,,,,,excluding,,,,,,yes,,,,,,,yes,yes,,
BOI,Engineering ,50505135,"M.S.PLUG 1.1/2""",OFFICE,84139120,NOS,3,NOS,3,,,,,,,excluding,,,,,,yes,,,,,,,yes,yes,,
BOI,Engineering ,50505138,"C.I.HOSE NIPPLE 1""",OFFICE,84139120,NOS,1,NOS,1,,,,,,,excluding,,,,,,yes,,,,,,,yes,yes,,
BOI,Engineering ,50505141,"M.S. SOCKET( COUPLING) 3/8 "" BSP",OFFICE,84139120,NOS,2,NOS,2,,,,,,,excluding,,,,,,yes,,,,,,,yes,yes,,
BOI,Engineering ,50505154,"M.S.HEX NIPPLE 3/8""",OFFICE,84139120,NOS,1,NOS,1,,,,,,,excluding,,,,,,yes,,,,,,,yes,yes,,
BOI,Engineering ,50505158,"M.S.ADOPTER(HEX NIPPLE) 3/8""BSP HYD.",OFFICE,84139120,NOS,1,NOS,1,,,,,,,excluding,,,,,,yes,,,,,,,yes,yes,,
BOI,Engineering ,50505164,"M.S.ADOPTER 1/2""X3/4""",OFFICE,84139120,NOS,1,NOS,1,,,,,,,excluding,,,,,,yes,,,,,,,yes,yes,,
BOI,Engineering ,50505165,"M.S.SOCKET 1"" X 1/2""",OFFICE,84139120,NOS,2,NOS,2,,,,,,,excluding,,,,,,yes,,,,,,,yes,yes,,
BOI,Engineering ,50505170,"M.S.REDUCER 1""X3/4""",OFFICE,84139120,NOS,2,NOS,2,,,,,,,excluding,,,,,,yes,,,,,,,yes,yes,,
BOI,Engineering ,50505176,"G.I SOCKET 1""",OFFICE,84139120,NOS,7,NOS,7,,,,,,,excluding,,,,,,yes,,,,,,,yes,yes,,
BOI,Engineering ,50505183,"C.P.HEX NIPPLE 1/2"" X 1/2"" BSP HYD.",OFFICE,84139120,NOS,5,NOS,5,,,,,,,excluding,,,,,,yes,,,,,,,yes,yes,,
BOI,Engineering ,50505200,"M.S.REDUCER 4"" X 3""",OFFICE,84139120,NOS,2,NOS,2,,,,,,,excluding,,,,,,yes,,,,,,,yes,yes,,
BOI,Engineering ,50505204,"M.S.BEND 6""",OFFICE,84139120,NOS,4,NOS,4,,,,,,,excluding,,,,,,yes,,,,,,,yes,yes,,
BOI,Engineering ,50505209,"M.S.PIPE NIPPLE 2.5"" X 6"" LONG",OFFICE,84139120,NOS,2,NOS,2,,,,,,,excluding,,,,,,yes,,,,,,,yes,yes,,
BOI,Engineering ,50505211,"HYD.HEX NIPPLE 1/4"" X 3/8"" BSP",OFFICE,84139120,NOS,3,NOS,3,,,,,,,excluding,,,,,,yes,,,,,,,yes,yes,,
BOI,Engineering ,50505212,"HYD.HEX NIPPLE 1/4"" X 1/4"" BSP",OFFICE,84139120,NOS,6,NOS,6,,,,,,,excluding,,,,,,yes,,,,,,,yes,yes,,
BOI,Engineering ,50505213,"HYD. HEX NIPPLE 1/2"" X 1/4"" BSP",OFFICE,84139120,NOS,8,NOS,8,,,,,,,excluding,,,,,,yes,,,,,,,yes,yes,,
BOI,Engineering ,50505214,"HYD. HEX NIPPLE 1/4"" X 01""",OFFICE,84139120,NOS,2,NOS,2,,,,,,,excluding,,,,,,yes,,,,,,,yes,yes,,
BOI,Engineering ,50505234,"M.S.REDUCER 3"" X 2""",OFFICE,84139120,NOS,1,NOS,1,,,,,,,excluding,,,,,,yes,,,,,,,yes,yes,,
BOI,Engineering ,50505242,PU CONNECTOR SIZE-1/8''X4MM,OFFICE,84139120,NOS,2,NOS,2,,,,,,,excluding,,,,,,yes,,,,,,,yes,yes,,
BOI,Engineering ,50505246,PU EQUAL UNION SIZE-8MM,OFFICE,84139120,NOS,5,NOS,5,,,,,,,excluding,,,,,,yes,,,,,,,yes,yes,,
BOI,Engineering ,50505250,PU MALE CONNECTOR 08 X 08MM,OFFICE,84139120,NOS,19,NOS,19,,,,,,,excluding,,,,,,yes,,,,,,,yes,yes,,
BOI,Engineering ,50505251,EQUAL TEE 8MM,OFFICE,84139120,NOS,7,NOS,7,,,,,,,excluding,,,,,,yes,,,,,,,yes,yes,,
BOI,Engineering ,50505253,TEE EQUAL 10MM,OFFICE,84139120,NOS,4,NOS,4,,,,,,,excluding,,,,,,yes,,,,,,,yes,yes,,
BOI,Engineering ,50505265,"PU MALE CONNECTOR 1/2"" X 8MM",OFFICE,84139120,NOS,4,NOS,4,,,,,,,excluding,,,,,,yes,,,,,,,yes,yes,,
BOI,Engineering ,50505271,PU CONNECTOR 04 X 04MM,OFFICE,84139120,NOS,10,NOS,10,,,,,,,excluding,,,,,,yes,,,,,,,yes,yes,,
BOI,Engineering ,50505272,"PU MALE CONNECTOR 1/2"" X 10MM",OFFICE,84139120,NOS,4,NOS,4,,,,,,,excluding,,,,,,yes,,,,,,,yes,yes,,
BOI,Engineering ,50505274,"PU MALE CONNECTOR 3/8"" X 8MM",OFFICE,84139120,NOS,2,NOS,2,,,,,,,excluding,,,,,,yes,,,,,,,yes,yes,,
BOI,Engineering ,50505275,"PU MALE CONNECTOR 3/8"" X 6MM",OFFICE,84139120,NOS,5,NOS,5,,,,,,,excluding,,,,,,yes,,,,,,,yes,yes,,
BOI,Engineering ,50505276,"PU MALE CONNECTOR 1/4"" X 10MM",OFFICE,84139120,NOS,8,NOS,8,,,,,,,excluding,,,,,,yes,,,,,,,yes,yes,,
BOI,Engineering ,50505277,"PU MALE CONNECTOR 1/4"" X 6MM",OFFICE,84139120,NOS,3,NOS,3,,,,,,,excluding,,,,,,yes,,,,,,,yes,yes,,
BOI,Engineering ,50505281,"CONNECTOR 1/4"" X 8MM",OFFICE,84139120,NOS,2,NOS,2,,,,,,,excluding,,,,,,yes,,,,,,,yes,yes,,
BOI,Engineering ,50505282,"PU CONNERCTOR 3/8"" X 12MM",OFFICE,84139120,NOS,12,NOS,12,,,,,,,excluding,,,,,,yes,,,,,,,yes,yes,,
BOI,Engineering ,50505285,"PU PUSH CONNECTOR 1/8"" X 6MM",OFFICE,84139120,NOS,20,NOS,20,,,,,,,excluding,,,,,,yes,,,,,,,yes,yes,,
BOI,Engineering ,50505286,PUSH TEE 10 X 10 X 8MM,OFFICE,84139120,NOS,5,NOS,5,,,,,,,excluding,,,,,,yes,,,,,,,yes,yes,,
BOI,Engineering ,50505287,"PUSH CONNECTOR 3/8"" X 10MM",OFFICE,84139120,NOS,9,NOS,9,,,,,,,excluding,,,,,,yes,,,,,,,yes,yes,,
BOI,Engineering ,50505288,PU Y CONNECTOR 08 X 08 X 08MM,OFFICE,84139120,NOS,7,NOS,7,,,,,,,excluding,,,,,,yes,,,,,,,yes,yes,,
BOI,Engineering ,50505289,PU Y CONNECTOR 10MM X 10MM X 10MM,OFFICE,84139120,NOS,5,NOS,5,,,,,,,excluding,,,,,,yes,,,,,,,yes,yes,,
BOI,Engineering ,50505290,"HYD. HEX NIPPLE 3/8"" X 3/8""",OFFICE,84139120,NOS,3,NOS,3,,,,,,,excluding,,,,,,yes,,,,,,,yes,yes,,
BOI,Engineering ,50505291,"HYDROLIC HEX NIPPLE 1/2"" X 1/2""",OFFICE,84139120,NOS,1,NOS,1,,,,,,,excluding,,,,,,yes,,,,,,,yes,yes,,
BOI,Engineering ,50505292,"HYD HEX NIPPLE 3/4"" X 3/4""",OFFICE,84139120,NOS,6,NOS,6,,,,,,,excluding,,,,,,yes,,,,,,,yes,yes,,
BOI,Engineering ,50505293,"HYD HEX NIPPLE 01"" X 01""",OFFICE,84139120,NOS,16,NOS,16,,,,,,,excluding,,,,,,yes,,,,,,,yes,yes,,
BOI,Engineering ,50505294,"HYD HEX NIPPLE 1.1/4"" X 1.1/4""",OFFICE,84139120,NOS,9,NOS,9,,,,,,,excluding,,,,,,yes,,,,,,,yes,yes,,
BOI,Engineering ,50505295,"HYD HEX NIPPLE 1.1/2"" X 1.1/2""",OFFICE,84139120,NOS,5,NOS,5,,,,,,,excluding,,,,,,yes,,,,,,,yes,yes,,
BOI,Engineering ,50505296,"PU CONNECTOR 1/4"" X 08MM",OFFICE,84139120,NOS,11,NOS,11,,,,,,,excluding,,,,,,yes,,,,,,,yes,yes,,
BOI,Engineering ,50505297,PU CONNECTOR 08 X 06MM,OFFICE,84139120,NOS,8,NOS,8,,,,,,,excluding,,,,,,yes,,,,,,,yes,yes,,
BOI,Engineering ,50505299,"PU CONNECTOR 1/4"" X 04MM",OFFICE,84139120,NOS,15,NOS,15,,,,,,,excluding,,,,,,yes,,,,,,,yes,yes,,
BOI,Engineering ,50505301,"PU MALE CONNECTOR 1/2"" X 12MM",OFFICE,84139120,NOS,23,NOS,23,,,,,,,excluding,,,,,,yes,,,,,,,yes,yes,,
BOI,Engineering ,50505302,"PU MALE CONNECTOR 12MM X 3/4""",OFFICE,84139120,NOS,12,NOS,12,,,,,,,excluding,,,,,,yes,,,,,,,yes,yes,,
BOI,Engineering ,50505321,BARREL PUMP PULL,OFFICE,84139120,NOS,1,NOS,1,,,,,,,excluding,,,,,,yes,,,,,,,yes,yes,,
BOI,Engineering ,50505322,"PUSH CONNECTOR 1/4"" X 12MM",OFFICE,84139120,NOS,10,NOS,10,,,,,,,excluding,,,,,,yes,,,,,,,yes,yes,,
BOI,Engineering ,50506003,"G.I.ELBOW 1""",OFFICE,84139120,NOS,11,NOS,11,,,,,,,excluding,,,,,,yes,,,,,,,yes,yes,,
BOI,Engineering ,50506004,"G.I.ELBOW 3/4""",OFFICE,84139120,NOS,6,NOS,6,,,,,,,excluding,,,,,,yes,,,,,,,yes,yes,,
BOI,Engineering ,50506005,"G.I.ELBOW 1/2""",OFFICE,84139120,NOS,15,NOS,15,,,,,,,excluding,,,,,,yes,,,,,,,yes,yes,,
BOI,Engineering ,50506010,"HYD.ELBOW 1/4"" X 1/4""",OFFICE,84139120,NOS,5,NOS,5,,,,,,,excluding,,,,,,yes,,,,,,,yes,yes,,
BOI,Engineering ,50506011,"HYD.ELBOW 3/8"" X 3/8""",OFFICE,84139120,NOS,4,NOS,4,,,,,,,excluding,,,,,,yes,,,,,,,yes,yes,,
BOI,Engineering ,50506013,"HYD.ELBOW 3/4"" X 3/4""",OFFICE,84139120,NOS,9,NOS,9,,,,,,,excluding,,,,,,yes,,,,,,,yes,yes,,
BOI,Engineering ,50506014,"HYD.ELBOW 01"" X 01""",OFFICE,84139120,NOS,3,NOS,3,,,,,,,excluding,,,,,,yes,,,,,,,yes,yes,,
BOI,Engineering ,50506015,"HYD.ELBOW 1.1/4"" X 1.1/4""",OFFICE,84139120,NOS,5,NOS,5,,,,,,,excluding,,,,,,yes,,,,,,,yes,yes,,
BOI,Engineering ,50506016,"HYD.ELBOW 1.1/2"" X 1.1/2""",OFFICE,84139120,NOS,4,NOS,4,,,,,,,excluding,,,,,,yes,,,,,,,yes,yes,,
BOI,Engineering ,50506028,"G.I.TEE 1""",OFFICE,84139120,NOS,5,NOS,5,,,,,,,excluding,,,,,,yes,,,,,,,yes,yes,,
BOI,Engineering ,50506029,"G.I. TEE 1/2""",OFFICE,84139120,NOS,6,NOS,6,,,,,,,excluding,,,,,,yes,,,,,,,yes,yes,,
BOI,Engineering ,50506039,"G.I.UNION 1""",OFFICE,84139120,NOS,9,NOS,9,,,,,,,excluding,,,,,,yes,,,,,,,yes,yes,,
BOI,Engineering ,50506040,"G.I.UNION 3/4""",OFFICE,84139120,NOS,2,NOS,2,,,,,,,excluding,,,,,,yes,,,,,,,yes,yes,,
BOI,Engineering ,50506042,"G.I UNION 02""",OFFICE,84139120,NOS,3,NOS,3,,,,,,,excluding,,,,,,yes,,,,,,,yes,yes,,
BOI,Engineering ,50506051,"G.I.PIPE NIPPLE 02""X 06""",OFFICE,84139120,NOS,5,NOS,5,,,,,,,excluding,,,,,,yes,,,,,,,yes,yes,,
BOI,Engineering ,50506062,"G.I.UNION 2.5""",OFFICE,84139120,NOS,1,NOS,1,,,,,,,excluding,,,,,,yes,,,,,,,yes,yes,,
BOI,Engineering ,50506068,"G.I. REDUCER 1"" X 1/2"" ",OFFICE,84139120,NOS,3,NOS,3,,,,,,,excluding,,,,,,yes,,,,,,,yes,yes,,
BOI,Engineering ,50506081,"G.I.COUPLING 1.1/2""",OFFICE,84139120,NOS,8,NOS,8,,,,,,,excluding,,,,,,yes,,,,,,,yes,yes,,
BOI,Engineering ,50506083,"G.I.COUPLING 1""",OFFICE,84139120,NOS,6,NOS,6,,,,,,,excluding,,,,,,yes,,,,,,,yes,yes,,
BOI,Engineering ,50506085,"G.I.COUPLING  1/2""",OFFICE,84139120,NOS,15,NOS,15,,,,,,,excluding,,,,,,yes,,,,,,,yes,yes,,
BOI,Engineering ,50506100,"U PVC END CAP 1.5""",OFFICE,84139120,NOS,1,NOS,1,,,,,,,excluding,,,,,,yes,,,,,,,yes,yes,,
BOI,Engineering ,50506101,"UPVC TEE  1""",OFFICE,84139120,NOS,8,NOS,8,,,,,,,excluding,,,,,,yes,,,,,,,yes,yes,,
BOI,Engineering ,50506103,"UPVC TEE 1.1/2"" X 01""",OFFICE,84139120,NOS,2,NOS,2,,,,,,,excluding,,,,,,yes,,,,,,,yes,yes,,
BOI,Engineering ,50506104,"UPVC ELBOW 1.5""",OFFICE,84139120,NOS,1,NOS,1,,,,,,,excluding,,,,,,yes,,,,,,,yes,yes,,
BOI,Engineering ,50506105,"UPVC COUPLING 1""",OFFICE,84139120,NOS,20,NOS,20,,,,,,,excluding,,,,,,yes,,,,,,,yes,yes,,
BOI,Engineering ,50506106,"U PVC FLANGE 1.5""",OFFICE,84139120,NOS,1,NOS,1,,,,,,,excluding,,,,,,yes,,,,,,,yes,yes,,
BOI,Engineering ,50506108,"UPVC FLANGE 4""",OFFICE,84139120,NOS,1,NOS,1,,,,,,,excluding,,,,,,yes,,,,,,,yes,yes,,
BOI,Engineering ,50506109,"UPVC FLANGE 3""",OFFICE,84139120,NOS,2,NOS,2,,,,,,,excluding,,,,,,yes,,,,,,,yes,yes,,
BOI,Engineering ,50506112,"UPVC MTA 3""",OFFICE,84139120,NOS,7,NOS,7,,,,,,,excluding,,,,,,yes,,,,,,,yes,yes,,
BOI,Engineering ,50506113,"U PVC TEE 1.5""",OFFICE,84139120,NOS,4,NOS,4,,,,,,,excluding,,,,,,yes,,,,,,,yes,yes,,
BOI,Engineering ,50506114,"UPVC END CAP 3/4""",OFFICE,84139120,NOS,5,NOS,5,,,,,,,excluding,,,,,,yes,,,,,,,yes,yes,,
BOI,Engineering ,50506115,"UPVC TANK CONNECTOR 01"" ",OFFICE,84139120,NOS,2,NOS,2,,,,,,,excluding,,,,,,yes,,,,,,,yes,yes,,
BOI,Engineering ,50506118,"U PVC BRASS MTA 3/4"" X 1/2""",OFFICE,84139120,NOS,3,NOS,3,,,,,,,excluding,,,,,,yes,,,,,,,yes,yes,,
BOI,Engineering ,50506119,"UPVC TEE 02"" X 01""",OFFICE,84139120,NOS,2,NOS,2,,,,,,,excluding,,,,,,yes,,,,,,,yes,yes,,
BOI,Engineering ,50506120,"UPVC REDUCER TEE 2.5 X 2.5 X 2""",OFFICE,84139120,NOS,2,NOS,2,,,,,,,excluding,,,,,,yes,,,,,,,yes,yes,,
BOI,Engineering ,50506122,"UPVC END CAP 03""",OFFICE,84139120,NOS,10,NOS,10,,,,,,,excluding,,,,,,yes,,,,,,,yes,yes,,
BOI,Engineering ,50506123,"UPVC FLANGE 02""",OFFICE,84139120,NOS,5,NOS,5,,,,,,,excluding,,,,,,yes,,,,,,,yes,yes,,
BOI,Engineering ,50506126,"G.I TEE 2.5""",OFFICE,84139120,NOS,1,NOS,1,,,,,,,excluding,,,,,,yes,,,,,,,yes,yes,,
BOI,Engineering ,50506130,"PVC COUPLING 3""",OFFICE,84139120,NOS,2,NOS,2,,,,,,,excluding,,,,,,yes,,,,,,,yes,yes,,
BOI,Engineering ,50506140,"U PVC UNION 1""",OFFICE,84139120,NOS,5,NOS,5,,,,,,,excluding,,,,,,yes,,,,,,,yes,yes,,
BOI,Engineering ,50506157,"UPVC UNION 1.1/2""",OFFICE,84139120,NOS,5,NOS,5,,,,,,,excluding,,,,,,yes,,,,,,,yes,yes,,
BOI,Engineering ,50506160,"BRASS BUSHING 1/2"" X 3/8""",OFFICE,84139120,NOS,2,NOS,2,,,,,,,excluding,,,,,,yes,,,,,,,yes,yes,,
BOI,Engineering ,50506165,"BRASS BUSHING 3/8"" X 1/4""",OFFICE,84139120,NOS,4,NOS,4,,,,,,,excluding,,,,,,yes,,,,,,,yes,yes,,
BOI,Engineering ,50506166,"BRASS BUSHING 1/4"" X 1/2""",OFFICE,84139120,NOS,2,NOS,2,,,,,,,excluding,,,,,,yes,,,,,,,yes,yes,,
BOI,Engineering ,50506203,PVC BEND 19MM,OFFICE,84139120,NOS.,10,NOS.,10,,,,,,,excluding,,,,,,yes,,,,,,,yes,yes,,
BOI,Engineering ,50506221,"UPVC MTA 2.1/2""",OFFICE,84139120,NOS,9,NOS,9,,,,,,,excluding,,,,,,yes,,,,,,,yes,yes,,
BOI,Engineering ,50506223,"UPVC ELBOW 2.5""",OFFICE,84139120,NOS,4,NOS,4,,,,,,,excluding,,,,,,yes,,,,,,,yes,yes,,
BOI,Engineering ,50506225,"UPVC COUPLING 2""",OFFICE,84139120,NOS,13,NOS,13,,,,,,,excluding,,,,,,yes,,,,,,,yes,yes,,
BOI,Engineering ,50506229,"PVC MALE THREDER 1/2""",OFFICE,84139120,NOS,1,NOS,1,,,,,,,excluding,,,,,,yes,,,,,,,yes,yes,,
BOI,Engineering ,50506231,"C.I.HOSE NIPPLE 1.5""",OFFICE,84139120,NOS,2,NOS,2,,,,,,,excluding,,,,,,yes,,,,,,,yes,yes,,
BOI,Engineering ,50506244,"U PVC MTA 1.5""",OFFICE,84139120,NOS,8,NOS,8,,,,,,,excluding,,,,,,yes,,,,,,,yes,yes,,
BOI,Engineering ,50506245,"UPVC ELBOW 01""",OFFICE,84139120,NOS,6,NOS,6,,,,,,,excluding,,,,,,yes,,,,,,,yes,yes,,
BOI,Engineering ,50506248,"U PVC UNION 3/4""",OFFICE,84139120,NOS,2,NOS,2,,,,,,,excluding,,,,,,yes,,,,,,,yes,yes,,
BOI,Engineering ,50506250,"U PVC MTA 1""",OFFICE,84139120,NOS,6,NOS,6,,,,,,,excluding,,,,,,yes,,,,,,,yes,yes,,
BOI,Engineering ,50506257,"PVC REDUCER 1.5"" X 1/2""",OFFICE,84139120,NOS,1,NOS,1,,,,,,,excluding,,,,,,yes,,,,,,,yes,yes,,
BOI,Engineering ,50506266,"U PVC END CAP 2""",OFFICE,84139120,NOS,5,NOS,5,,,,,,,excluding,,,,,,yes,,,,,,,yes,yes,,
BOI,Engineering ,50506268,PVC TEE 50MM,OFFICE,84139120,NOS,1,NOS,1,,,,,,,excluding,,,,,,yes,,,,,,,yes,yes,,
BOI,Engineering ,50506269,"U PVC ELBOW 2""",OFFICE,84139120,NOS,13,NOS,13,,,,,,,excluding,,,,,,yes,,,,,,,yes,yes,,
BOI,Engineering ,50506272,"UPVC FTA 01""",OFFICE,84139120,NOS,6,NOS,6,,,,,,,excluding,,,,,,yes,,,,,,,yes,yes,,
BOI,Engineering ,50506274,"UPVC ELBOW  3/4""",OFFICE,84139120,NOS,9,NOS,9,,,,,,,excluding,,,,,,yes,,,,,,,yes,yes,,
BOI,Engineering ,50506275,"PVC TEE 3/4""",OFFICE,84139120,NOS,11,NOS,11,,,,,,,excluding,,,,,,yes,,,,,,,yes,yes,,
BOI,Engineering ,50506277,"UPVC COUPLING 3/4""",OFFICE,84139120,NOS,14,NOS,14,,,,,,,excluding,,,,,,yes,,,,,,,yes,yes,,
BOI,Engineering ,50506284,"PVC END CAP 1""",OFFICE,84139120,NOS,5,NOS,5,,,,,,,excluding,,,,,,yes,,,,,,,yes,yes,,
BOI,Engineering ,50506285,"UPVC REDUCER 1.5"" X 1""",OFFICE,84139120,NOS,8,NOS,8,,,,,,,excluding,,,,,,yes,,,,,,,yes,yes,,
BOI,Engineering ,50506299,"U PVC COUPLING 2.5""",OFFICE,84139120,NOS,9,NOS,9,,,,,,,excluding,,,,,,yes,,,,,,,yes,yes,,
BOI,Engineering ,50506303,"U PVC TANK NIPPLE 3/4""",OFFICE,84139120,NOS,2,NOS,2,,,,,,,excluding,,,,,,yes,,,,,,,yes,yes,,
BOI,Engineering ,50506304,"U PVC TANK NIPPLE 1/2""",OFFICE,84139120,NOS,1,NOS,1,,,,,,,excluding,,,,,,yes,,,,,,,yes,yes,,
BOI,Engineering ,50506306,"UPVC UNION 2""",OFFICE,84139120,NOS,4,NOS,4,,,,,,,excluding,,,,,,yes,,,,,,,yes,yes,,
BOI,Engineering ,50506309,PVC GRIP SIZE-25 X 08MM,OFFICE,84139120,PKT,8,PKT,8,,,,,,,excluding,,,,,,yes,,,,,,,yes,yes,,
BOI,Engineering ,50506310,G.I HOSE COLLAR 01,OFFICE,84139120,NOS,4,NOS,4,,,,,,,excluding,,,,,,yes,,,,,,,yes,yes,,
BOI,Engineering ,50506311,"UPVC END CAP 2.1/2""",OFFICE,84139120,NOS,6,NOS,6,,,,,,,excluding,,,,,,yes,,,,,,,yes,yes,,
BOI,Engineering ,50506314,"UPVC UNION 2.1/2""",OFFICE,84139120,NOS,1,NOS,1,,,,,,,excluding,,,,,,yes,,,,,,,yes,yes,,
BOI,Engineering ,50506317,"UPVC BUSHING 2.1/2"" X 02""",OFFICE,84139120,NOS,2,NOS,2,,,,,,,excluding,,,,,,yes,,,,,,,yes,yes,,
BOI,Engineering ,50507006,GM NRV VALVE 32MM,OFFICE,84139120,NOS,2,NOS,2,,,,,,,excluding,,,,,,yes,,,,,,,yes,yes,,
BOI,Engineering ,50507007,"BRASS NRV VALVE 01""",OFFICE,84139120,NOS,2,NOS,2,,,,,,,excluding,,,,,,yes,,,,,,,yes,yes,,
BOI,Engineering ,50507011,"C.I BUTTERFLY VALVE 2""",OFFICE,84139120,NOS,4,NOS,4,,,,,,,excluding,,,,,,yes,,,,,,,yes,yes,,
BOI,Engineering ,50507017,"BRASS BALL VALVE 3/8""BSP",OFFICE,84139120,NOS,1,NOS,1,,,,,,,excluding,,,,,,yes,,,,,,,yes,yes,,
BOI,Engineering ,50507021,"U PVC BALL VALVE 1""",OFFICE,84139120,NOS,8,NOS,8,,,,,,,excluding,,,,,,yes,,,,,,,yes,yes,,
BOI,Engineering ,50507022,"U PVC BALL VALVE THREADED 2""",OFFICE,84139120,NOS,4,NOS,4,,,,,,,excluding,,,,,,yes,,,,,,,yes,yes,,
BOI,Engineering ,50507024,"S.S.BALL VALVE 1/2""",OFFICE,84139120,NOS,1,NOS,1,,,,,,,excluding,,,,,,yes,,,,,,,yes,yes,,
BOI,Engineering ,50507025,"UPVC BALL VALVE 1.5""",OFFICE,84139120,NOS,7,NOS,7,,,,,,,excluding,,,,,,yes,,,,,,,yes,yes,,
BOI,Engineering ,50507026,"BUTTERFLY VALVE 80MM (3"")",OFFICE,84139120,NOS,1,NOS,1,,,,,,,excluding,,,,,,yes,,,,,,,yes,yes,,
BOI,Engineering ,50507028,"U PVC BALL VALVE 3/4""",OFFICE,84139120,NOS,3,NOS,3,,,,,,,excluding,,,,,,yes,,,,,,,yes,yes,,
BOI,Engineering ,50507029,"PVC FOOT VALVE 3""",OFFICE,84139120,NOS,1,NOS,1,,,,,,,excluding,,,,,,yes,,,,,,,yes,yes,,
BOI,Engineering ,50507030,"BUTTERFLY VALVE 100NB/4""(FLANGE TYPE)",OFFICE,84139120,NOS,2,NOS,2,,,,,,,excluding,,,,,,yes,,,,,,,yes,yes,,
BOI,Engineering ,50507034,"BUTTERFLY VALVE 6""(DAMPER FLANGE COMPLETE WITH C.I.BODY)",OFFICE,84139120,NOS,2,NOS,2,,,,,,,excluding,,,,,,yes,,,,,,,yes,yes,,
BOI,Engineering ,50507050,"U PVC FOOT VALVE 1.5""",OFFICE,84139120,NOS,2,NOS,2,,,,,,,excluding,,,,,,yes,,,,,,,yes,yes,,
BOI,Engineering ,50507055,"S.S.NEEDLE VALVE 1/4"" BSP",OFFICE,84139120,NOS,2,NOS,2,,,,,,,excluding,,,,,,yes,,,,,,,yes,yes,,
BOI,Engineering ,50507058,"AIR BUTTERFLY VALVE 02""  WITH 02"" BSP (F) CONNECTION",OFFICE,84139120,NOS,2,NOS,2,,,,,,,excluding,,,,,,yes,,,,,,,yes,yes,,
BOI,Engineering ,50507059,"AIR BUTTERFLY VALVE 04""  WITH 04"" BSP (F) CONNECTION",OFFICE,84139120,NOS,2,NOS,2,,,,,,,excluding,,,,,,yes,,,,,,,yes,yes,,
BOI,Engineering ,50507061,"NRV VERTICAL VALVE 2.1/2""",OFFICE,84139120,NOS,1,NOS,1,,,,,,,excluding,,,,,,yes,,,,,,,yes,yes,,
BOI,Engineering ,50507064,"PVC FOOT VALVE 01""",OFFICE,84139120,NOS,3,NOS,3,,,,,,,excluding,,,,,,yes,,,,,,,yes,yes,,
BOI,Engineering ,50507065,"NOSN RETURN VALVE 1/8""",OFFICE,84139120,NOS,1,NOS,1,,,,,,,excluding,,,,,,yes,,,,,,,yes,yes,,
BOI,Engineering ,50507067,"S.S BALL VALVE 3/4"" ",OFFICE,84139120,NOS,4,NOS,4,,,,,,,excluding,,,,,,yes,,,,,,,yes,yes,,
BOI,Engineering ,50507068,"S.S BALL VALVE 1.1/4"" ",OFFICE,84139120,NOS,1,NOS,1,,,,,,,excluding,,,,,,yes,,,,,,,yes,yes,,
BOI,Engineering ,50507069,"BRASS NOSN RETURN VALVE 1.5""",OFFICE,84139120,NOS,1,NOS,1,,,,,,,excluding,,,,,,yes,,,,,,,yes,yes,,
BOI,Engineering ,50507070,"BUTTERFLY VALVE 2.5""",OFFICE,84139120,NOS,1,NOS,1,,,,,,,excluding,,,,,,yes,,,,,,,yes,yes,,
BOI,Engineering ,50507076,BUTTERFLY VALVE WAFER TYPE SIZE : 2,OFFICE,84139120,NOS,2,NOS,2,,,,,,,excluding,,,,,,yes,,,,,,,yes,yes,,
BOI,Engineering ,50507077,"BUTTERFLY VALVE WAFER TYPE SIZE: 4""",OFFICE,84139120, NOS,2, NOS,2,,,,,,,excluding,,,,,,yes,,,,,,,yes,yes,,
BOI,Engineering ,50507078,"BUTTERFLY VALVE WAFER TYPE SIZE: 5""",OFFICE,84139120, NOS,1, NOS,1,,,,,,,excluding,,,,,,yes,,,,,,,yes,yes,,
BOI,Engineering ,50507079,"CAST IRON WATER BUTTERFLY VALVE 5""",OFFICE,84139120,NOS,2,NOS,2,,,,,,,excluding,,,,,,yes,,,,,,,yes,yes,,
BOI,Engineering ,50507080,"AIRTEC SOLENOSID VALVE 3V210-08-NC,220V AC,4.5VA,AC187V-253V,50/60HZ,IP65",OFFICE,84139120,NOS,2,NOS,2,,,,,,,excluding,,,,,,yes,,,,,,,yes,yes,,
BOI,Engineering ,50507081,"BRASS BALL VALVE 2""",OFFICE,84139120,NOS,4,NOS,4,,,,,,,excluding,,,,,,yes,,,,,,,yes,yes,,
BOI,Engineering ,50507082,"BRASS NRV VALVE 2""",OFFICE,84139120,NOS,2,NOS,2,,,,,,,excluding,,,,,,yes,,,,,,,yes,yes,,
BOI,Engineering ,50507104,PNUEMATIC VALVE 5/2 WAY MODEL-4V310,OFFICE,84139120,NOS,5,NOS,5,,,,,,,excluding,,,,,,yes,,,,,,,yes,yes,,
BOI,Engineering ,50507105,DIRECTIONAL CONTROL VALVE 4WE10E3X/CW230N9K4,OFFICE,84139120,NOS,1,NOS,1,,,,,,,excluding,,,,,,yes,,,,,,,yes,yes,,
BOI,Engineering ,50507106,DIRECTIONAL CONTROL VALVE 4WE6E6X/EW230N9K4,OFFICE,84139120,NOS,1,NOS,1,,,,,,,excluding,,,,,,yes,,,,,,,yes,yes,,
BOI,Engineering ,50507108,DIRECTIONAL CONTROL VALVE 4WE10D3X/CW230N9K4,OFFICE,84139120,NOS,1,NOS,1,,,,,,,excluding,,,,,,yes,,,,,,,yes,yes,,
BOI,Engineering ,50507109,DIRECTIONAL CONTROL VALVE 4WE6HA6X/EW230N9K4,OFFICE,84139120,NOS,1,NOS,1,,,,,,,excluding,,,,,,yes,,,,,,,yes,yes,,
BOI,Engineering ,50507110,DIRECTIOAL CONTROL VALVE 4WE6H6X/EW230N9K4,OFFICE,84139120,NOS,2,NOS,2,,,,,,,excluding,,,,,,yes,,,,,,,yes,yes,,
BOI,Engineering ,50507111,DIRECTIONAL CONTROL VALVE DSG 01 3C3,OFFICE,84139120,NOS,1,NOS,1,,,,,,,excluding,,,,,,yes,,,,,,,yes,yes,,
BOI,Engineering ,50507112,DIRECTIONAL CONTROL VALVE DSG 03 3C 60 240,OFFICE,84139120,NOS,1,NOS,1,,,,,,,excluding,,,,,,yes,,,,,,,yes,yes,,
BOI,Engineering ,50507113,"REXROTH DIRECTIONAL CONTROL VALVE MODEL : 4WE 10 J3X/CW230 N9K4,VOLT 230V AC",OFFICE,84139120,NOS,1,NOS,1,,,,,,,excluding,,,,,,yes,,,,,,,yes,yes,,
BOI,Engineering ,50507114,HYDRAULIC TRANSMISSION CONTROL VALVE.MODEL : MTCV-03-WI,OFFICE,84139120,NOS,2,NOS,2,,,,,,,excluding,,,,,,yes,,,,,,,yes,yes,,
BOI,Engineering ,50507115,HYDRAULIC TRANSMISSION CONTROL VALVE.MODEL : MTCV-02-WI,OFFICE,84139120,NOS,2,NOS,2,,,,,,,excluding,,,,,,yes,,,,,,,yes,yes,,
BOI,Engineering ,50507119,ANGLE COCK,OFFICE,84139120,NOS,2,NOS,2,,,,,,,excluding,,,,,,yes,,,,,,,yes,yes,,
BOI,Engineering ,50507120,DIRECTIONAL CONTROL VALVE 4WE6 D 6X/E W230 N9K4,OFFICE,84139120,NOS,2,NOS,2,,,,,,,excluding,,,,,,yes,,,,,,,yes,yes,,
BOI,Engineering ,50507122,LOGIC VALVE LCV-25-E-20-10 CBL2401 FOR PRESS MAKE-JGH HYD. VALVES,OFFICE,84139120,NOS,1,NOS,1,,,,,,,excluding,,,,,,yes,,,,,,,yes,yes,,
BOI,Engineering ,50507123,LOGIC VALVE LCV-40-E-20-10 CBI0301 FOR PRESS MAKE-JGH HYD. VALVES,OFFICE,84139120,NOS,1,NOS,1,,,,,,,excluding,,,,,,yes,,,,,,,yes,yes,,
BOI,Engineering ,50507124,LOGIC VALVE LCV-50-E-20-10 CBD1313 FOR PRESS MAKE-JGH HYD. VALVES,OFFICE,84139120,NOS,1,NOS,1,,,,,,,excluding,,,,,,yes,,,,,,,yes,yes,,
BOI,Engineering ,50507125,MODULAR RELIEF VALVE MTCV-03-WI CCG0411 FOR PRESS MAKE-JGH HYD. VALVES,OFFICE,84139120,NOS,1,NOS,1,,,,,,,excluding,,,,,,yes,,,,,,,yes,yes,,
BOI,Engineering ,50507126,HYDRAULIC TRANSMISSION CONTROL VALVE ST-G02 CCF2907FOR PRESS MAKE-JGH HYD. VALVES ,OFFICE,84139120,NOS,1,NOS,1,,,,,,,excluding,,,,,,yes,,,,,,,yes,yes,,
BOI,Engineering ,50507132,"BUTTERFLY VALVE SCREWED 1.1/2""",OFFICE,84139120,NOS,2,NOS,2,,,,,,,excluding,,,,,,yes,,,,,,,yes,yes,,
BOI,Engineering ,50507152,"PNEUMATIC FLOW CONTROL VALVE 1/2"" WITH KNOSB",OFFICE,84139120,NOS,4,NOS,4,,,,,,,excluding,,,,,,yes,,,,,,,yes,yes,,
BOI,Engineering ,50507172,"PNEUMATIC FLOW CONTROL VALVE 1/2"" X 10 MM",OFFICE,84139120,NOS,5,NOS,5,,,,,,,excluding,,,,,,yes,,,,,,,yes,yes,,
BOI,Engineering ,50507178,"PNEUMATIC FLOW CONTROL VALVE 3/8"" X 10 MM",OFFICE,84139120,NOS,5,NOS,5,,,,,,,excluding,,,,,,yes,,,,,,,yes,yes,,
BOI,Engineering ,50507195,"FLOW CONTROL VALVE 3/4""(FN-06-20-IN31)",OFFICE,84139120,NOS,2,NOS,2,,,,,,,excluding,,,,,,yes,,,,,,,yes,yes,,
BOI,Engineering ,50507200,"'AIRMAX'RM MODEL SINGLE SOLE.VALVE 5/2WAY,1/2"",230 AC COIL",OFFICE,84139120,NOS,3,NOS,3,,,,,,,excluding,,,,,,yes,,,,,,,yes,yes,,
BOI,Engineering ,50507223,"PNEUMATIC FLOW CONTROL VALVE 1/4"" X 10 MM",OFFICE,84139120,NOS,4,NOS,4,,,,,,,excluding,,,,,,yes,,,,,,,yes,yes,,
BOI,Engineering ,50507231,"PNEUMATIC FLOW CONTROL VALVE 3/8"" X 08 MM",OFFICE,84139120,NOS,5,NOS,5,,,,,,,excluding,,,,,,yes,,,,,,,yes,yes,,
BOI,Engineering ,50507232,"PNEUMATIC FLOW CONTROL VALVE 1/4"" X 08 MM",OFFICE,84139120,NOS,5,NOS,5,,,,,,,excluding,,,,,,yes,,,,,,,yes,yes,,
BOI,Engineering ,50507233,"PNEUMATIC FLOW CONTROL VALVE 1/2"" X 08 MM",OFFICE,84139120,NOS,5,NOS,5,,,,,,,excluding,,,,,,yes,,,,,,,yes,yes,,
BOI,Engineering ,50507234,"FLOW CONTROL VALVE 1/8"" X 08MM",OFFICE,84139120,NOS,3,NOS,3,,,,,,,excluding,,,,,,yes,,,,,,,yes,yes,,
BOI,Engineering ,50507235,RELIEF VALVE MCR-03-C-20-L (JEOU GANG),OFFICE,84139120,NOS,2,NOS,2,,,,,,,excluding,,,,,,yes,,,,,,,yes,yes,,
BOI,Engineering ,50507236,RELIEF VALVE MDR-03-E-L-10  (JEOU GANG ),OFFICE,84139120,NOS,2,NOS,2,,,,,,,excluding,,,,,,yes,,,,,,,yes,yes,,
BOI,Engineering ,50507237,RELIEF VALVE J-CRV-C-L (JEOU GANG ),OFFICE,84139120,NOS,1,NOS,1,,,,,,,excluding,,,,,,yes,,,,,,,yes,yes,,
BOI,Engineering ,50507240,"HYDRAULIC IN LINE FLOW CONTROL VALE 3/8"" BSP DRV-10 PN-200 BAR DIN228",OFFICE,84139120,NOS,1,NOS,1,,,,,,,excluding,,,,,,yes,,,,,,,yes,yes,,
BOI,Engineering ,50508010,Limit Switch Pin,OFFICE,84139120,NOS,2,NOS,2,,,,,,,excluding,,,,,,yes,,,,,,,yes,yes,,
BOI,Engineering ,50508011,Loader Plate,OFFICE,84139120,NOS,3,NOS,3,,,,,,,excluding,,,,,,yes,,,,,,,yes,yes,,
BOI,Engineering ,50508015,WIRE ROPE CLAMP 12MM,OFFICE,84139120,NOS,8,NOS,8,,,,,,,excluding,,,,,,yes,,,,,,,yes,yes,,
BOI,Engineering ,50508016,G.I WIRE ROPE CLAMP 06MM,OFFICE,84139120,NOS,6,NOS,6,,,,,,,excluding,,,,,,yes,,,,,,,yes,yes,,
BOI,Engineering ,50508017,"HOSE JOINT 3/4""",OFFICE,84139120,NOS,4,NOS,4,,,,,,,excluding,,,,,,yes,,,,,,,yes,yes,,
BOI,Engineering ,50508020,"HOSE CLAMP 1""",OFFICE,84139120,NOS,6,NOS,6,,,,,,,excluding,,,,,,yes,,,,,,,yes,yes,,
BOI,Engineering ,50508021,"HOSE CLAMP 1/2""",OFFICE,84139120,NOS,8,NOS,8,,,,,,,excluding,,,,,,yes,,,,,,,yes,yes,,
BOI,Engineering ,50508023,"HOSE CLAMP 1/4""",OFFICE,84139120,NOS,4,NOS,4,,,,,,,excluding,,,,,,yes,,,,,,,yes,yes,,
BOI,Engineering ,50508025,"HOSE CLAMP 1.5""",OFFICE,84139120,NOS,6,NOS,6,,,,,,,excluding,,,,,,yes,,,,,,,yes,yes,,
BOI,Engineering ,50508026,"S.S.HOSE CLAMP 3/8""",OFFICE,84139120,NOS,3,NOS,3,,,,,,,excluding,,,,,,yes,,,,,,,yes,yes,,
BOI,Engineering ,50508030,SPRAY GUN,OFFICE,84139120,NOS,1,NOS,1,,,,,,,excluding,,,,,,yes,,,,,,,yes,yes,,
BOI,Engineering ,50508053,PRINTED CYLINDER (ALUKA)FOR PRINTED STRECH FILM ROLL,OFFICE,84139120,NOS,1,NOS,1,,,,,,,excluding,,,,,,yes,,,,,,,yes,yes,,
BOI,Engineering ,50508069,"PILLER COCK 1/2""",OFFICE,84139120,NOS,3,NOS,3,,,,,,,excluding,,,,,,yes,,,,,,,yes,yes,,
BOI,Engineering ,50508074,WASTE PIPE,OFFICE,84139120,NOS,1,NOS,1,,,,,,,excluding,,,,,,yes,,,,,,,yes,yes,,
BOI,Engineering ,50508078,JAQUAR S.S FLUSH COCK,OFFICE,84139120,NOS,2,NOS,2,,,,,,,excluding,,,,,,yes,,,,,,,yes,yes,,
BOI,Engineering ,50508083,SS WIRE MESH 20 NOS. 01MTR X 01MTR,OFFICE,84139120,NOS,1,NOS,1,,,,,,,excluding,,,,,,yes,,,,,,,yes,yes,,
BOI,Engineering ,50508090,JAQUAR PUSH COCK,OFFICE,84139120,NOS,3,NOS,3,,,,,,,excluding,,,,,,yes,,,,,,,yes,yes,,
BOI,Engineering ,50508092,SILICON GUN,OFFICE,84139120,NOS,2,NOS,2,,,,,,,excluding,,,,,,yes,,,,,,,yes,yes,,
BOI,Engineering ,50508094,COUPLING SET NM194,OFFICE,84139120,NOS,2,NOS,2,,,,,,,excluding,,,,,,yes,,,,,,,yes,yes,,
BOI,Engineering ,50508100,"S.S.SPRAY NOSZZLE 1/4"" FLAT TYPE",OFFICE,84139120,NOS,11,NOS,11,,,,,,,excluding,,,,,,yes,,,,,,,yes,yes,,
BOI,Engineering ,50508101,"BRASS HOSE COLLAR 1/2"" X 1/2""",OFFICE,84139120,NOS,3,NOS,3,,,,,,,excluding,,,,,,yes,,,,,,,yes,yes,,
BOI,Engineering ,50508154,"C.I.PULLEY 4""",OFFICE,84139120,NOS,2,NOS,2,,,,,,,excluding,,,,,,yes,,,,,,,yes,yes,,
BOI,Engineering ,50508182,"HOSE NIPPLE 1/4""",OFFICE,84139120,NOS,1,NOS,1,,,,,,,excluding,,,,,,yes,,,,,,,yes,yes,,
BOI,Engineering ,50508242," UCLAMP 1/2""",OFFICE,84139120,NOS,47,NOS,47,,,,,,,excluding,,,,,,yes,,,,,,,yes,yes,,
BOI,Engineering ,50508252,TENSION SPRING OD 12MM ID 8MM LENGTH 140MM WIRE DIA 2MM TURN 42,OFFICE,84139120,NOS,10,NOS,10,,,,,,,excluding,,,,,,yes,,,,,,,yes,yes,,
BOI,Engineering ,50508256,S.S.WIER MESS 18 X 32,OFFICE,84139120,SQ.FT,1,SQ.FT,1,,,,,,,excluding,,,,,,yes,,,,,,,yes,yes,,
BOI,Engineering ,50508305,"SPRING 8MM OD,5MM ID,32MM LONG.",OFFICE,84139120,NOS,3,NOS,3,,,,,,,excluding,,,,,,yes,,,,,,,yes,yes,,
BOI,Engineering ,50508352,PUSH CONNECTOR 10MM  ,OFFICE,84139120,NOS,26,NOS,26,,,,,,,excluding,,,,,,yes,,,,,,,yes,yes,,
BOI,Engineering ,50508358,"S.S.HOSE CLAMP 2.5""",OFFICE,84139120,NOS,1,NOS,1,,,,,,,excluding,,,,,,yes,,,,,,,yes,yes,,
BOI,Engineering ,50508365,NYLONE GEAR 50TEETH,OFFICE,84139120,NOS,1,NOS,1,,,,,,,excluding,,,,,,yes,,,,,,,yes,yes,,
BOI,Engineering ,50508367,NYLON GEAR COUPLING M38 44TEETH,OFFICE,84139120,NOS,2,NOS,2,,,,,,,excluding,,,,,,yes,,,,,,,yes,yes,,
BOI,Engineering ,50508370,DOOR CLOSER,OFFICE,84139120,NOS,1,NOS,1,,,,,,,excluding,,,,,,yes,,,,,,,yes,yes,,
BOI,Engineering ,50508372,"S.S.HOSE CLAMP 1.5""",OFFICE,84139120,NOS,6,NOS,6,,,,,,,excluding,,,,,,yes,,,,,,,yes,yes,,
BOI,Engineering ,50508388,NYLONE GEAR 40 TEETH,OFFICE,84139120,NOS,1,NOS,1,,,,,,,excluding,,,,,,yes,,,,,,,yes,yes,,
BOI,Engineering ,50508419,"C.I. PULLEY 5"" X 3 C (GROOVE)",OFFICE,84139120,NOS,1,NOS,1,,,,,,,excluding,,,,,,yes,,,,,,,yes,yes,,
BOI,Engineering ,50508469,END GRIPPER,OFFICE,84139120,NOS,3,NOS,3,,,,,,,excluding,,,,,,yes,,,,,,,yes,yes,,
BOI,Engineering ,50508470,PLUNGER,OFFICE,84139120,NOS,2,NOS,2,,,,,,,excluding,,,,,,yes,,,,,,,yes,yes,,
BOI,Engineering ,50508472,"PVC FLOAT VALVE 01""",OFFICE,84139120,NOS,1,NOS,1,,,,,,,excluding,,,,,,yes,,,,,,,yes,yes,,
BOI,Engineering ,50508476,"MAGNET 6"" X 4""",OFFICE,84139120,NOS,2,NOS,2,,,,,,,excluding,,,,,,yes,,,,,,,yes,yes,,
BOI,Engineering ,50508481,FAUCET WITH TUBE AND HOOK,OFFICE,84139120,NOS,1,NOS,1,,,,,,,excluding,,,,,,yes,,,,,,,yes,yes,,
BOI,Engineering ,50508483,ROCKER SWITCH (POWER SWITCH) FOR STRAPPING M/C,OFFICE,84139120,NOS,5,NOS,5,,,,,,,excluding,,,,,,yes,,,,,,,yes,yes,,
BOI,Engineering ,50508484,EXIT GUIDE FOR STRAPPING M/C,OFFICE,84139120,NOS,8,NOS,8,,,,,,,excluding,,,,,,yes,,,,,,,yes,yes,,
BOI,Engineering ,50508485,TENSION SPRING W.D 1.4MM FOR STRAPPING M/C,OFFICE,84139120,NOS,18,NOS,18,,,,,,,excluding,,,,,,yes,,,,,,,yes,yes,,
BOI,Engineering ,50508486,TENSION SPRING W.D 1.2MM FOR STRAPPING M/C,OFFICE,84139120,NOS,13,NOS,13,,,,,,,excluding,,,,,,yes,,,,,,,yes,yes,,
BOI,Engineering ,50508487,"CI TAPER LOCK PULLEY 4.5"" A TYPE 03 GROOVE",OFFICE,84139120,NOS,2,NOS,2,,,,,,,excluding,,,,,,yes,,,,,,,yes,yes,,
BOI,Engineering ,50508488,"CI TAPER LOCK PULLEY 6.5"" B TYPE 03 GROOVE",OFFICE,84139120,NOS,1,NOS,1,,,,,,,excluding,,,,,,yes,,,,,,,yes,yes,,
BOI,Engineering ,50508489,"CI TAPER LOCK PULLEY 07"" B TYPE 03 GROOVE",OFFICE,84139120,NOS,1,NOS,1,,,,,,,excluding,,,,,,yes,,,,,,,yes,yes,,
BOI,Engineering ,50508490,"CI TAPER LOCK PULLEY 5.5"" B TYPE 03 GROOVE",OFFICE,84139120,NOS,8,NOS,8,,,,,,,excluding,,,,,,yes,,,,,,,yes,yes,,
BOI,Engineering ,50508491,FEED SWITCH FOR STRAPPING M/C,OFFICE,84139120,NOS,4,NOS,4,,,,,,,excluding,,,,,,yes,,,,,,,yes,yes,,
BOI,Engineering ,50508493,GUDING BELT CUTTING BELT FOR STRAPPING M/C,OFFICE,84139120,NOS,9,NOS,9,,,,,,,excluding,,,,,,yes,,,,,,,yes,yes,,
BOI,Engineering ,50508494,PCB CARD FOR STRAPPING M/C,OFFICE,84139120,NOS,1,NOS,1,,,,,,,excluding,,,,,,yes,,,,,,,yes,yes,,
BOI,Engineering ,50508495,ALUMINIUM PULLEY WHEEL OD 300MM ID 45MM WIDTH65MM,OFFICE,84139120,NOS,2,NOS,2,,,,,,,excluding,,,,,,yes,,,,,,,yes,yes,,
BOI,Engineering ,50508496,BRAKE ROLLER FOR STRAPPING M/C,OFFICE,84139120,NOS,6,NOS,6,,,,,,,excluding,,,,,,yes,,,,,,,yes,yes,,
BOI,Engineering ,50508498,PVC 40 TEETH GEAR FOR STRAPPING M/C,OFFICE,84139120,NOS,2,NOS,2,,,,,,,excluding,,,,,,yes,,,,,,,yes,yes,,
BOI,Engineering ,50601001,OXYGEN GAS CYLINDER,OFFICE,84139120,NOS,4,NOS,4,,,,,,,excluding,,,,,,yes,,,,,,,yes,yes,,
BOI,Engineering ,50601004,WELDING SHIELD,OFFICE,84139120,NOS,2,NOS,2,,,,,,,excluding,,,,,,yes,,,,,,,yes,yes,,
BOI,Engineering ,50601005,WELDING HOLDER 600AMP,OFFICE,84139120,NOS,3,NOS,3,,,,,,,excluding,,,,,,yes,,,,,,,yes,yes,,
BOI,Engineering ,50601007,"GAS CUTTING NOSZZLE 3/64""",OFFICE,84139120,NOS,1,NOS,1,,,,,,,excluding,,,,,,yes,,,,,,,yes,yes,,
BOI,Engineering ,50601008,"GAS CUTTING NOSZZLE B 1/16""",OFFICE,84139120,NOS,2,NOS,2,,,,,,,excluding,,,,,,yes,,,,,,,yes,yes,,
BOI,Engineering ,50601011,BLACK GLASS,OFFICE,84139120,NOS,6,NOS,6,,,,,,,excluding,,,,,,yes,,,,,,,yes,yes,,
BOI,Engineering ,50601012,WHITE GLASS,OFFICE,84139120,NOS,15,NOS,15,,,,,,,excluding,,,,,,yes,,,,,,,yes,yes,,
BOI,Engineering ,50601013,WIRE BRUSH,OFFICE,84139120,NOS,2,NOS,2,,,,,,,excluding,,,,,,yes,,,,,,,yes,yes,,
BOI,Engineering ,50601015,M.S.WELDING ROD(OVERCORD)3.15MM,OFFICE,84139120,PKT,8,PKT,8,,,,,,,excluding,,,,,,yes,,,,,,,yes,yes,,
BOI,Engineering ,50601023,BURNER NOS.06,OFFICE,84139120,NOS,3,NOS,3,,,,,,,excluding,,,,,,yes,,,,,,,yes,yes,,
BOI,Engineering ,50601024,REGULATOR DOUBLE STAGE (OXYGEN),OFFICE,84139120,NOS,1,NOS,1,,,,,,,excluding,,,,,,yes,,,,,,,yes,yes,,
BOI,Engineering ,50601025,CUTTING TOURCH,OFFICE,84139120,NOS,1,NOS,1,,,,,,,excluding,,,,,,yes,,,,,,,yes,yes,,
BOI,Engineering ,50601027,S.S.WELDING ROD NOS.309L  04MM X 350MM,OFFICE,84139120,PKT,2,PKT,2,,,,,,,excluding,,,,,,yes,,,,,,,yes,yes,,
BOI,Engineering ,50601028,S.S.WELDING ROD NOS.309L 3.15 X 350MM,OFFICE,84139120,PKT,3,PKT,3,,,,,,,excluding,,,,,,yes,,,,,,,yes,yes,,
BOI,Engineering ,50601029,S.S.WELDING ROD NOS.308L 3.15 X 350MM,OFFICE,84139120,NOS,1,NOS,1,,,,,,,excluding,,,,,,yes,,,,,,,yes,yes,,
BOI,Engineering ,50601030,SAFFETY GOGGLES,OFFICE,84139120,NOS,24,NOS,24,,,,,,,excluding,,,,,,yes,,,,,,,yes,yes,,
BOI,Engineering ,50601033,L.P.G.GAS REGULATOR,OFFICE,84139120,NOS,2,NOS,2,,,,,,,excluding,,,,,,yes,,,,,,,yes,yes,,
BOI,Engineering ,50601034,BRASS NIPPLE,OFFICE,84139120,NOS,1,NOS,1,,,,,,,excluding,,,,,,yes,,,,,,,yes,yes,,
BOI,Engineering ,50601036,S.S WELDING RODS 309L 2.50MM,OFFICE,84139120,PKT,1,PKT,1,,,,,,,excluding,,,,,,yes,,,,,,,yes,yes,,
BOI,Engineering ,50601037,EWAC 680 CGS WELDING ROD MACHINABLE,OFFICE,84139120,NOS,199,NOS,199,,,,,,,excluding,,,,,,yes,,,,,,,yes,yes,,
BOI,Engineering ,50601043,M.S.WELD.ROD 2.5MM,OFFICE,84139120,NOS,1,NOS,1,,,,,,,excluding,,,,,,yes,,,,,,,yes,yes,,
BOI,Engineering ,50601049,BRASS BRAZZING ROD 03 MM,OFFICE,84139120,KG,1.5,KG,1.5,,,,,,,excluding,,,,,,yes,,,,,,,yes,yes,,
BOI,Engineering ,50601079,NITROGEN GAS CYLINDER,OFFICE,84139120,NOS,11,NOS,11,,,,,,,excluding,,,,,,yes,,,,,,,yes,yes,,
BOI,Engineering ,50602005,D.A.GAS CYLINDER,OFFICE,84139120,CUM,21.51,CUM,21.51,,,,,,,excluding,,,,,,yes,,,,,,,yes,yes,,
BOI,Engineering ,50603002,WELDING MACHINE 1PHASE 200A,OFFICE,84139120,NOS,1,NOS,1,,,,,,,excluding,,,,,,yes,,,,,,,yes,yes,,
BOI,Engineering ,50701214,M.S.WIRE  ,OFFICE,84139120,KG,4.88,KG,4.88,,,,,,,excluding,,,,,,yes,,,,,,,yes,yes,,
BOI,Engineering ,50701233,C.I.CASTING ,OFFICE,84139120,KG,405.3,KG,405.3,,,,,,,excluding,,,,,,yes,,,,,,,yes,yes,,
BOI,Engineering ,50701432,FLAT CHISEL 25 X 200 MM,OFFICE,84139120,NOS,1,NOS,1,,,,,,,excluding,,,,,,yes,,,,,,,yes,yes,,
BOI,Engineering ,50702004,CERAMIC BLANKET ,OFFICE,84139120,NOS,3,NOS,3,,,,,,,excluding,,,,,,yes,,,,,,,yes,yes,,
BOI,Engineering ,50702012,ACCOSET - 50 FINE (MONOSLITHIC REFRACTORY),OFFICE,84139120,KG,250,KG,250,,,,,,,excluding,,,,,,yes,,,,,,,yes,yes,,
BOI,Engineering ,50702015,WHYTHEAT A,OFFICE,84139120,KG,150,KG,150,,,,,,,excluding,,,,,,yes,,,,,,,yes,yes,,
BOI,Engineering ,50703006,"PU TROLLEY WHEEL BRAKE TYPE 2""",OFFICE,84139120,NOS,4,NOS,4,,,,,,,excluding,,,,,,yes,,,,,,,yes,yes,,
BOI,Engineering ,50703007,"PU TROLLEY WHEEL 4"" X 2""",OFFICE,84139120,NOS,12,NOS,12,,,,,,,excluding,,,,,,yes,,,,,,,yes,yes,,
BOI,Engineering ,50703008,"UHMW POLYMER WHEEL 8"" X 2"" X 1""",OFFICE,84139120,NOS,4,NOS,4,,,,,,,excluding,,,,,,yes,,,,,,,yes,yes,,
BOI,Engineering ,50703014,"TROLLY WHEEL 06"" X 02"" FOR HAND PALLET TRLOOY 3 TON",OFFICE,84139120,NOS,4,NOS,4,,,,,,,excluding,,,,,,yes,,,,,,,yes,yes,,
BOI,Engineering ,50703016,TROLLY WHEEL NYLON PALLET 80 OD X 70 TH 6204 BEARING,OFFICE,84139120,NOS,2,NOS,2,,,,,,,excluding,,,,,,yes,,,,,,,yes,yes,,
BOI,Engineering ,50703018,STRAPPING M/C CASTOR WHEEL ,OFFICE,84139120,NOS,3,NOS,3,,,,,,,excluding,,,,,,yes,,,,,,,yes,yes,,
BOI,Engineering ,50703020,BRACKET FOR HAND PELLET TRUCK,OFFICE,84139120,NOS,1,NOS,1,,,,,,,excluding,,,,,,yes,,,,,,,yes,yes,,
BOI,Engineering ,50703025,"C.I.WHEEL 6"" X 2""RUBBER BONDED",OFFICE,84139120,NOS,4,NOS,4,,,,,,,excluding,,,,,,yes,,,,,,,yes,yes,,
BOI,Engineering ,50901019,M.S.CLAMP,OFFICE,84139120,SET,1,SET,1,,,,,,,excluding,,,,,,yes,,,,,,,yes,yes,,
BOI,Engineering ,50901042,COMPRESSION SPRING,OFFICE,84139120,NOS,2,NOS,2,,,,,,,excluding,,,,,,yes,,,,,,,yes,yes,,
BOI,Engineering ,51001289,PVC GEAR (WHEEL) OF WRAPPING MACHINE,OFFICE,84139120,NOS,11,NOS,11,,,,,,,excluding,,,,,,yes,,,,,,,yes,yes,,
BOI,Electricals,60101001,1.5 SQ/MM 01 CORE COPPER FLEXIBLE CABLE,OFFICE,84139120,MTR,200,MTR,200,,,,,,,excluding,,,,,,yes,,,,,,,yes,yes,,
BOI,Electricals,60101004,COPPER CABLE 4 CORE X 10 SQ.MM,OFFICE,84139120,MTR,40,MTR,40,,,,,,,excluding,,,,,,yes,,,,,,,yes,yes,,
BOI,Electricals,60101015,CABLE CAT 6,OFFICE,84139120,MTR,610,MTR,610,,,,,,,excluding,,,,,,yes,,,,,,,yes,yes,,
BOI,Electricals,60101018,COPPER FLEXIBLE CABLE 01 SQ/MM X 01 CORE,OFFICE,84139120,MTR,100,MTR,100,,,,,,,excluding,,,,,,yes,,,,,,,yes,yes,,
BOI,Electricals,60101026,COPPER FLEXIBEL WIRE 16 SQ.MM,OFFICE,84139120,MTR,30,MTR,30,,,,,,,excluding,,,,,,yes,,,,,,,yes,yes,,
BOI,Electricals,60101029,COPPER FLEXIBLE CABLE 1 SQ.MM X 2 CORE,OFFICE,84139120,MTR,100,MTR,100,,,,,,,excluding,,,,,,yes,,,,,,,yes,yes,,
BOI,Electricals,60101030,COPPER FLEXIBLE CABLE 4 SQ.MM X 4 CORE,OFFICE,84139120,MTR,100,MTR,100,,,,,,,excluding,,,,,,yes,,,,,,,yes,yes,,
BOI,Electricals,60101031,CABLE FOR WEIGHTING SCALE,OFFICE,84139120,MTR,54,MTR,54,,,,,,,excluding,,,,,,yes,,,,,,,yes,yes,,
BOI,Electricals,60101032,K TYPE THERMOCOUPLE CABLE FG FG SS,OFFICE,84139120,MTR,24,MTR,24,,,,,,,excluding,,,,,,yes,,,,,,,yes,yes,,
BOI,Electricals,60101034,SUPPLY CABLE FOR TRANSFORMER,OFFICE,84139120,NOS,2,NOS,2,,,,,,,excluding,,,,,,yes,,,,,,,yes,yes,,
BOI,Electricals,60101036,COPPER FLEXIBLE CABLE 10SQ.MM X 1 CORE,OFFICE,84139120,MTR,30,MTR,30,,,,,,,excluding,,,,,,yes,,,,,,,yes,yes,,
BOI,Electricals,60101038,COPPER FLEXIBLE CABLE 1.5 SQ.MM X 12 CORE,OFFICE,84139120,MTR,43,MTR,43,,,,,,,excluding,,,,,,yes,,,,,,,yes,yes,,
BOI,Electricals,60101042,COPPER FLEXIBLE CABLE 1.5 SQ/MM X 06 CORE,OFFICE,84139120,MTR,100,MTR,100,,,,,,,excluding,,,,,,yes,,,,,,,yes,yes,,
BOI,Electricals,60101044,S.S DOUBLE COMPRESSION GLAND 35MM,OFFICE,84139120,NOS,4,NOS,4,,,,,,,excluding,,,,,,yes,,,,,,,yes,yes,,
BOI,Electricals,60101045,COPPER FUSE WIRE 18 GAUGE,OFFICE,84139120,KG,0.2,KG,0.2,,,,,,,excluding,,,,,,yes,,,,,,,yes,yes,,
BOI,Electricals,60101046,COPPER WIRE SOLID 2.5MM 12 GAUGE,OFFICE,84139120,KG,1.5,KG,1.5,,,,,,,excluding,,,,,,yes,,,,,,,yes,yes,,
BOI,Electricals,60101047,S.S CABLE GLAND 19MM DC,OFFICE,84139120,NOS,3,NOS,3,,,,,,,excluding,,,,,,yes,,,,,,,yes,yes,,
BOI,Electricals,60101048,"CLAMPING HOLDER 14"" BOSCH",OFFICE,84139120,NOS,2,NOS,2,,,,,,,excluding,,,,,,yes,,,,,,,yes,yes,,
BOI,Electricals,60101049,"BRUSH HOLDER 14"" BOSCH",OFFICE,84139120,NOS,2,NOS,2,,,,,,,excluding,,,,,,yes,,,,,,,yes,yes,,
BOI,Electricals,60101050,"MOTOR HOUSING 14"" BOSCH",OFFICE,84139120,NOS,1,NOS,1,,,,,,,excluding,,,,,,yes,,,,,,,yes,yes,,
BOI,Electricals,60101053,S.S DOUBLE COMPRESSION GLAND 25MM,OFFICE,84139120,NOS,3,NOS,3,,,,,,,excluding,,,,,,yes,,,,,,,yes,yes,,
BOI,Electricals,60101061,ALU.LUGS (RING TYPE)300 SQ.MM,OFFICE,84139120,NOS,12,NOS,12,,,,,,,excluding,,,,,,yes,,,,,,,yes,yes,,
BOI,Electricals,60101062,ALU.LUGS (RING TYPE)185 SQ.MM,OFFICE,84139120,NOS,6,NOS,6,,,,,,,excluding,,,,,,yes,,,,,,,yes,yes,,
BOI,Electricals,60101064,ALU.LUGS (RIN TYPE)35 SQ.MM,OFFICE,84139120,NOS,12,NOS,12,,,,,,,excluding,,,,,,yes,,,,,,,yes,yes,,
BOI,Electricals,60101067,ALUMINIUM CRIMPING LUGS 1050 MM,OFFICE,84139120,KG,6,KG,6,,,,,,,excluding,,,,,,yes,,,,,,,yes,yes,,
BOI,Electricals,60101071,COPPER LUGS 185MMSQ.,OFFICE,84139120,NOS,6,NOS,6,,,,,,,excluding,,,,,,yes,,,,,,,yes,yes,,
BOI,Electricals,60101072,COPPER.LUGS (RING TYPE) 95 SQ.MM.,OFFICE,84139120,NOS,35,NOS,35,,,,,,,excluding,,,,,,yes,,,,,,,yes,yes,,
BOI,Electricals,60101073,COPPER LUGS(RING TYPE)70 MM SQ,OFFICE,84139120,NOS,21,NOS,21,,,,,,,excluding,,,,,,yes,,,,,,,yes,yes,,
BOI,Electricals,60101074,COPPER LUGS (PIN TYPE)1.5MM SQ,OFFICE,84139120,NOS,457,NOS,457,,,,,,,excluding,,,,,,yes,,,,,,,yes,yes,,
BOI,Electricals,60101080,COPPER LUGS (PIN TYPE) 16 SQ.MM,OFFICE,84139120,NOS,67,NOS,67,,,,,,,excluding,,,,,,yes,,,,,,,yes,yes,,
BOI,Electricals,60101081,COPPER LUGS(RING TYPE) 16 SQ.MM,OFFICE,84139120,NOS,124,NOS,124,,,,,,,excluding,,,,,,yes,,,,,,,yes,yes,,
BOI,Electricals,60101083,COPPER LUGS(RING TYPE)25 SQ.MM,OFFICE,84139120,NOS,31,NOS,31,,,,,,,excluding,,,,,,yes,,,,,,,yes,yes,,
BOI,Electricals,60101084,COPPER LUGS(PIN TYPE) 2.5 SQ.MM,OFFICE,84139120,NOS,233,NOS,233,,,,,,,excluding,,,,,,yes,,,,,,,yes,yes,,
BOI,Electricals,60101085,COPPER LUGS(RING TYPE) 6 SQ.MM,OFFICE,84139120,NOS,52,NOS,52,,,,,,,excluding,,,,,,yes,,,,,,,yes,yes,,
BOI,Electricals,60101086,COPPER LUGS(RING TYPE)10 SQ.MM,OFFICE,84139120,NOS,329,NOS,329,,,,,,,excluding,,,,,,yes,,,,,,,yes,yes,,
BOI,Electricals,60101089,COPPER WIER LEAD,OFFICE,84139120,KG,2,KG,2,,,,,,,excluding,,,,,,yes,,,,,,,yes,yes,,
BOI,Electricals,60101095,COPPER U TYPE LUGS 06SQ/MM,OFFICE,84139120,NOS,22,NOS,22,,,,,,,excluding,,,,,,yes,,,,,,,yes,yes,,
BOI,Electricals,60101097,COPPER U TYPE LUGS 1SQ/MM,OFFICE,84139120,NOS,8,NOS,8,,,,,,,excluding,,,,,,yes,,,,,,,yes,yes,,
BOI,Electricals,60101098,COPPER U TYPE LUGS 1.5SQ/MM ,OFFICE,84139120,NOS,97,NOS,97,,,,,,,excluding,,,,,,yes,,,,,,,yes,yes,,
BOI,Electricals,60101099,COPPER U TYPE LUGS 04SQ/MM,OFFICE,84139120,NOS,25,NOS,25,,,,,,,excluding,,,,,,yes,,,,,,,yes,yes,,
BOI,Electricals,60101101,COPPER FLEXIBLE CABLE 1.5 SQ.MM X 3 CORE,OFFICE,84139120,MTR,200,MTR,200,,,,,,,excluding,,,,,,yes,,,,,,,yes,yes,,
BOI,Electricals,60101107,COPPER FLEXIBLE CABLE 2.5 SQ/MM 03 CORE (POLYCAB),OFFICE,84139120,MTR,100,MTR,100,,,,,,,excluding,,,,,,yes,,,,,,,yes,yes,,
BOI,Electricals,60101137,COPPER LUGS (FERRUL TYPE)10 SQ.MM,OFFICE,84139120,NOS,6,NOS,6,,,,,,,excluding,,,,,,yes,,,,,,,yes,yes,,
BOI,Electricals,60101152,COPPER LUGS 35 SQ.MM(RING TYPE),OFFICE,84139120,NOS,7,NOS,7,,,,,,,excluding,,,,,,yes,,,,,,,yes,yes,,
BOI,Electricals,60101153,COPPER LUGS 50 SQ.MM(RING TYPE),OFFICE,84139120,NOS,30,NOS,30,,,,,,,excluding,,,,,,yes,,,,,,,yes,yes,,
BOI,Electricals,60101156,COPPER LUGS 10 SQ.MM(PIN TYPE),OFFICE,84139120,NOS,55,NOS,55,,,,,,,excluding,,,,,,yes,,,,,,,yes,yes,,
BOI,Electricals,60101158,COPPER LUGS 2.5 SQ.MM(RING TYPE),OFFICE,84139120,NOS,121,NOS,121,,,,,,,excluding,,,,,,yes,,,,,,,yes,yes,,
BOI,Electricals,60101159,COPPER LUGS 2.5 Q.MM('U'TYPE),OFFICE,84139120,NOS,63,NOS,63,,,,,,,excluding,,,,,,yes,,,,,,,yes,yes,,
BOI,Electricals,60101161,COPPER LUGS 4 SQ.MM(RING TYPE),OFFICE,84139120,NOS,144,NOS,144,,,,,,,excluding,,,,,,yes,,,,,,,yes,yes,,
BOI,Electricals,60101163,COPPER LUGS 1.5SQ.MM(RING TYPE),OFFICE,84139120,NOS,181,NOS,181,,,,,,,excluding,,,,,,yes,,,,,,,yes,yes,,
BOI,Electricals,60101165,ALUMINIUM LUGS 35 SQ/MM TUBE TYPE,OFFICE,84139120,NOS,13,NOS,13,,,,,,,excluding,,,,,,yes,,,,,,,yes,yes,,
BOI,Electricals,60101166,ALUMINIUM LUGS 25 SQ/MM TUBE TYPE,OFFICE,84139120,NOS,16,NOS,16,,,,,,,excluding,,,,,,yes,,,,,,,yes,yes,,
BOI,Electricals,60101167,ALUMINIUM LUGS 10 SQ/MM TUBE TYPE,OFFICE,84139120,NOS,18,NOS,18,,,,,,,excluding,,,,,,yes,,,,,,,yes,yes,,
BOI,Electricals,60101168,ALUMINIUM LUGS 16 SQ/MM TUBE TYPE,OFFICE,84139120,NOS,19,NOS,19,,,,,,,excluding,,,,,,yes,,,,,,,yes,yes,,
BOI,Electricals,60101169,ALU.LUGS 35 SQ.MM(FERRUL TYPE),OFFICE,84139120,NOS,6,NOS,6,,,,,,,excluding,,,,,,yes,,,,,,,yes,yes,,
BOI,Electricals,60101175,COPPER LUGS 25 SQ.MM(FERRUL TYPE),OFFICE,84139120,NOS,6,NOS,6,,,,,,,excluding,,,,,,yes,,,,,,,yes,yes,,
BOI,Electricals,60101189,"COPPER FLEXIBLE CABLE 95 SQ.MM,SINGLE CORE",OFFICE,84139120,MTR,14,MTR,14,,,,,,,excluding,,,,,,yes,,,,,,,yes,yes,,
BOI,Electricals,60101192,COPPER FLEXIBLE CABLE 1.5 SQ/MM X 14 CORE,OFFICE,84139120,MTR,25,MTR,25,,,,,,,excluding,,,,,,yes,,,,,,,yes,yes,,
BOI,Electricals,60101203,COPPER FLEXIBLE CABLE 01MM SQ. X 4 CORE,OFFICE,84139120,MTR,100,MTR,100,,,,,,,excluding,,,,,,yes,,,,,,,yes,yes,,
BOI,Electricals,60102004,"PVC PIPE 1""",OFFICE,84139120,MTR,6,MTR,6,,,,,,,excluding,,,,,,yes,,,,,,,yes,yes,,
BOI,Electricals,60102005,"P.V.C.PIPE 19MM(3/4""",OFFICE,84139120,NOS,16,NOS,16,,,,,,,excluding,,,,,,yes,,,,,,,yes,yes,,
BOI,Electricals,60102010,PVC BEND 25MM,OFFICE,84139120,NOS,11,NOS,11,,,,,,,excluding,,,,,,yes,,,,,,,yes,yes,,
BOI,Electricals,60102011,PVC BEND 20MM,OFFICE,84139120,NOS,15,NOS,15,,,,,,,excluding,,,,,,yes,,,,,,,yes,yes,,
BOI,Electricals,60102019,DRILL CHUCK ADAPTER 13MM,OFFICE,84139120,NOS,1,NOS,1,,,,,,,excluding,,,,,,yes,,,,,,,yes,yes,,
BOI,Electricals,60102022,PVC FAN FLANGE 225MM,OFFICE,84139120,NOS,1,NOS,1,,,,,,,excluding,,,,,,yes,,,,,,,yes,yes,,
BOI,Electricals,60102023,G.I.P.COATED BOX 200 X 200 X 75MM,OFFICE,84139120,NOS,1,NOS,1,,,,,,,excluding,,,,,,yes,,,,,,,yes,yes,,
BOI,Electricals,60102033,PVC FAN FLANGE 95MM,OFFICE,84139120,NOS,2,NOS,2,,,,,,,excluding,,,,,,yes,,,,,,,yes,yes,,
BOI,Electricals,60102034,PVC FAN FLANGE 10MM,OFFICE,84139120,NOS,1,NOS,1,,,,,,,excluding,,,,,,yes,,,,,,,yes,yes,,
BOI,Electricals,60102035,BLOWER FAN WHEELS ID 14MM OD 156MM THICK 70 MM,OFFICE,84139120,NOS,1,NOS,1,,,,,,,excluding,,,,,,yes,,,,,,,yes,yes,,
BOI,Electricals,60102036,MOTOR COOLING FAN FLANGE 140MM,OFFICE,84139120,NOS,2,NOS,2,,,,,,,excluding,,,,,,yes,,,,,,,yes,yes,,
BOI,Electricals,60102038,"PVC SADDLE & SPACER 1""",OFFICE,84139120,NOS,300,NOS,300,,,,,,,excluding,,,,,,yes,,,,,,,yes,yes,,
BOI,Electricals,60102065,P.G.GLAND  PG - 19,OFFICE,84139120,NOS,5,NOS,5,,,,,,,excluding,,,,,,yes,,,,,,,yes,yes,,
BOI,Electricals,60102068,MODULAR BOX WITH PLATE 4 MOD,OFFICE,84139120,NOS,4,NOS,4,,,,,,,excluding,,,,,,yes,,,,,,,yes,yes,,
BOI,Electricals,60102070,PG GLAND(PVC)13.5MM,OFFICE,84139120,NOS,5,NOS,5,,,,,,,excluding,,,,,,yes,,,,,,,yes,yes,,
BOI,Electricals,60102086,PVC SADDLE 20MM,OFFICE,84139120,NOS,200,NOS,200,,,,,,,excluding,,,,,,yes,,,,,,,yes,yes,,
BOI,Electricals,60102089,PVC CHANNEL 25 X 45MM,OFFICE,84139120,NOS,6,NOS,6,,,,,,,excluding,,,,,,yes,,,,,,,yes,yes,,
BOI,Electricals,60102090,PVC CHANNEL 60 X 60MM,OFFICE,84139120,NOS,39,NOS,39,,,,,,,excluding,,,,,,yes,,,,,,,yes,yes,,
BOI,Electricals,60102091,PVC CHANNEL 45 X 45MM,OFFICE,84139120,NOS,2,NOS,2,,,,,,,excluding,,,,,,yes,,,,,,,yes,yes,,
BOI,Electricals,60102092,METAL BOX 06 WAY FOR MCB,OFFICE,84139120,NOS,2,NOS,2,,,,,,,excluding,,,,,,yes,,,,,,,yes,yes,,
BOI,Electricals,60102101,"PVC SQ.BOX 4""X4""",OFFICE,84139120,NOS,3,NOS,3,,,,,,,excluding,,,,,,yes,,,,,,,yes,yes,,
BOI,Electricals,60102104,PVC CASING PATTI,OFFICE,84139120,NOS,15,NOS,15,,,,,,,excluding,,,,,,yes,,,,,,,yes,yes,,
BOI,Electricals,60102113,"WOODEN BOARD 4"" X 7""",OFFICE,84139120,NOS,1,NOS,1,,,,,,,excluding,,,,,,yes,,,,,,,yes,yes,,
BOI,Electricals,60102128,"PVC BEND 1""",OFFICE,84139120,NOS,30,NOS,30,,,,,,,excluding,,,,,,yes,,,,,,,yes,yes,,
BOI,Electricals,60102130,16 WAY MODULAR BOARD,OFFICE,84139120,NOS,2,NOS,2,,,,,,,excluding,,,,,,yes,,,,,,,yes,yes,,
BOI,Electricals,60102135,P.G.GLAND 16MM,OFFICE,84139120,NOS,3,NOS,3,,,,,,,excluding,,,,,,yes,,,,,,,yes,yes,,
BOI,Electricals,60102138,METAL BOX 3 MODULAR,OFFICE,84139120,NOS,2,NOS,2,,,,,,,excluding,,,,,,yes,,,,,,,yes,yes,,
BOI,Electricals,60102140,2 MODULER BOX PLATE,OFFICE,84139120,NOS,1,NOS,1,,,,,,,excluding,,,,,,yes,,,,,,,yes,yes,,
BOI,Electricals,60102150,MODULAR BOX PLATE 6MOD,OFFICE,84139120,NOS,3,NOS,3,,,,,,,excluding,,,,,,yes,,,,,,,yes,yes,,
BOI,Electricals,60102151,MODULER BOX PLATE 3MOD.,OFFICE,84139120,NOS,4,NOS,4,,,,,,,excluding,,,,,,yes,,,,,,,yes,yes,,
BOI,Electricals,60102160,SINTEX JUNCTION BOX 200 X 150 X 100MM,OFFICE,84139120,NOS,3,NOS,3,,,,,,,excluding,,,,,,yes,,,,,,,yes,yes,,
BOI,Electricals,60102177,METAL BOX FOR MCB 04 WAY,OFFICE,84139120,NOS,2,NOS,2,,,,,,,excluding,,,,,,yes,,,,,,,yes,yes,,
BOI,Electricals,60102179,ALU.PUSH BUTTON BOX 04 WAY,OFFICE,84139120,NOS,2,NOS,2,,,,,,,excluding,,,,,,yes,,,,,,,yes,yes,,
BOI,Electricals,60102180,ALU.PUSH BUTTON BOX 08 WAY,OFFICE,84139120,NOS,1,NOS,1,,,,,,,excluding,,,,,,yes,,,,,,,yes,yes,,
BOI,Electricals,60102184,PUSH BUTTON BOX WITH ELEMENTS WATERPROOF CRANE PENDANT HOIST,OFFICE,84139120,NOS,2,NOS,2,,,,,,,excluding,,,,,,yes,,,,,,,yes,yes,,
BOI,Electricals,60103006,PENDENT LAMP HOLDER,OFFICE,84139120,NOS,6,NOS,6,,,,,,,excluding,,,,,,yes,,,,,,,yes,yes,,
BOI,Electricals,60103008,METAL CONNECTOR 4PIN MALE 8 FEMALE,OFFICE,84139120,NOS,2,NOS,2,,,,,,,excluding,,,,,,yes,,,,,,,yes,yes,,
BOI,Electricals,60103009,PANEL LOCK,OFFICE,84139120,NOS,25,NOS,25,,,,,,,excluding,,,,,,yes,,,,,,,yes,yes,,
BOI,Electricals,60103011,PVC INSULATION TAPE,OFFICE,84139120,NOS,40,NOS,40,,,,,,,excluding,,,,,,yes,,,,,,,yes,yes,,
BOI,Electricals,60103012,SILICON RUBBER WATER PROOF TAPE 3M ,OFFICE,84139120,NOS,2,NOS,2,,,,,,,excluding,,,,,,yes,,,,,,,yes,yes,,
BOI,Electricals,60103031,PVC CONNECTOR STRIP 6AMP 12 WAY,OFFICE,84139120,NOS,6,NOS,6,,,,,,,excluding,,,,,,yes,,,,,,,yes,yes,,
BOI,Electricals,60103033,INDUSTRIAL CONNECTOR STRIP 10AMP 4WAY,OFFICE,84139120,NOS,26,NOS,26,,,,,,,excluding,,,,,,yes,,,,,,,yes,yes,,
BOI,Electricals,60103038,ELMEX CONNECTOR 2.5MM SQ.,OFFICE,84139120,NOS,238,NOS,238,,,,,,,excluding,,,,,,yes,,,,,,,yes,yes,,
BOI,Electricals,60103039,ELMEX CONNECTOR SIDE PLATE,OFFICE,84139120,NOS,199,NOS,199,,,,,,,excluding,,,,,,yes,,,,,,,yes,yes,,
BOI,Electricals,60103042,CABLE TIE 250MM,OFFICE,84139120,PKT,1,PKT,1,,,,,,,excluding,,,,,,yes,,,,,,,yes,yes,,
BOI,Electricals,60103043,CABLE TIE 150MM ,OFFICE,84139120,PKT,4,PKT,4,,,,,,,excluding,,,,,,yes,,,,,,,yes,yes,,
BOI,Electricals,60103044,CABLE TIE 300MM,OFFICE,84139120,PKT,1,PKT,1,,,,,,,excluding,,,,,,yes,,,,,,,yes,yes,,
BOI,Electricals,60103046,SILICA GEL (BLUE CRYSTAL),OFFICE,84139120,KG,2,KG,2,,,,,,,excluding,,,,,,yes,,,,,,,yes,yes,,
BOI,Electricals,60103051,MODULAR SWITCH 20 AMP ,OFFICE,84139120,NOS,14,NOS,14,,,,,,,excluding,,,,,,yes,,,,,,,yes,yes,,
BOI,Electricals,60103052,PROGRAMMABLE CONTROLLER  CP1H-XA40DT-D,OFFICE,84139120,NOS,1,NOS,1,,,,,,,excluding,,,,,,yes,,,,,,,yes,yes,,
BOI,Electricals,60103054,PLC INTERFACE UNIT CP1W-CIF11,OFFICE,84139120,NOS,1,NOS,1,,,,,,,excluding,,,,,,yes,,,,,,,yes,yes,,
BOI,Electricals,60103055,SOLDER WIRE,OFFICE,84139120,NOS,1,NOS,1,,,,,,,excluding,,,,,,yes,,,,,,,yes,yes,,
BOI,Electricals,60103057,GLASS FUSE 2AMP X 30MM LONG,OFFICE,84139120,NOS,10,NOS,10,,,,,,,excluding,,,,,,yes,,,,,,,yes,yes,,
BOI,Electricals,60103058,GLASS FUSE 5AMP X 30MM,OFFICE,84139120,NOS,5,NOS,5,,,,,,,excluding,,,,,,yes,,,,,,,yes,yes,,
BOI,Electricals,60103059,GLASS FUSE 10AMP,OFFICE,84139120,NOS,15,NOS,15,,,,,,,excluding,,,,,,yes,,,,,,,yes,yes,,
BOI,Electricals,60103060,'EE'HRC FUSE LINK NS 6 AMP,OFFICE,84139120,NOS,6,NOS,6,,,,,,,excluding,,,,,,yes,,,,,,,yes,yes,,
BOI,Electricals,60103065,HRC FUSE LINK NA 32AMP,OFFICE,84139120,NOS,2,NOS,2,,,,,,,excluding,,,,,,yes,,,,,,,yes,yes,,
BOI,Electricals,60103080,PROGRAMMABLE CONTROLLER FX2N-16EYT MITSUBISHI,OFFICE,84139120,NOS,1,NOS,1,,,,,,,excluding,,,,,,yes,,,,,,,yes,yes,,
BOI,Electricals,60103081,POWER UNIT MH-20TC BREAK RECTIFILER (RZLT145-96),OFFICE,84139120,NOS,2,NOS,2,,,,,,,excluding,,,,,,yes,,,,,,,yes,yes,,
BOI,Electricals,60103082,LOADCELL 300KG CAPACITY MODEL-CZL-642,OFFICE,84139120,NOS,1,NOS,1,,,,,,,excluding,,,,,,yes,,,,,,,yes,yes,,
BOI,Electricals,60103085,SIREN 220V-415V (JAYKEY),OFFICE,84139120,NOS,2,NOS,2,,,,,,,excluding,,,,,,yes,,,,,,,yes,yes,,
BOI,Electricals,60103086,MCB 16 AMP 2 POLE,OFFICE,84139120,NOS,1,NOS,1,,,,,,,excluding,,,,,,yes,,,,,,,yes,yes,,
BOI,Electricals,60103087,MCB 10 AMP 2 POLE,OFFICE,84139120,NOS,1,NOS,1,,,,,,,excluding,,,,,,yes,,,,,,,yes,yes,,
BOI,Electricals,60103123,HRC FUSE LINK 125A,OFFICE,84139120,NOS,3,NOS,3,,,,,,,excluding,,,,,,yes,,,,,,,yes,yes,,
BOI,Electricals,60103124,HRC FUSE LINK HN 200A,OFFICE,84139120,NOS,3,NOS,3,,,,,,,excluding,,,,,,yes,,,,,,,yes,yes,,
BOI,Electricals,60103128,HRC FUSE LINK HN 100A,OFFICE,84139120,NOS,5,NOS,5,,,,,,,excluding,,,,,,yes,,,,,,,yes,yes,,
BOI,Electricals,60103129,HRC FUSE LINK HN 63A,OFFICE,84139120,NOS,3,NOS,3,,,,,,,excluding,,,,,,yes,,,,,,,yes,yes,,
BOI,Electricals,60103131,HRC FUSE LINK HF 32A,OFFICE,84139120,NOS,6,NOS,6,,,,,,,excluding,,,,,,yes,,,,,,,yes,yes,,
BOI,Electricals,60103133,HRC FUSE LINK HF 25A,OFFICE,84139120,NOS,5,NOS,5,,,,,,,excluding,,,,,,yes,,,,,,,yes,yes,,
BOI,Electricals,60103140,HRC FUSE LINK HF 6A,OFFICE,84139120,NOS,4,NOS,4,,,,,,,excluding,,,,,,yes,,,,,,,yes,yes,,
BOI,Electricals,60103152,CARTRIDGE TYPE FUSE LINK 6A,OFFICE,84139120,NOS,12,NOS,12,,,,,,,excluding,,,,,,yes,,,,,,,yes,yes,,
BOI,Electricals,60103166,GLASS FUSE 1A,OFFICE,84139120,NOS,35,NOS,35,,,,,,,excluding,,,,,,yes,,,,,,,yes,yes,,
BOI,Electricals,60103168,MCB 32AMP 2POLE,OFFICE,84139120,NOS,1,NOS,1,,,,,,,excluding,,,,,,yes,,,,,,,yes,yes,,
BOI,Electricals,60103169,SCH MCB 25 A 3 POLE,OFFICE,84139120,NOS,3,NOS,3,,,,,,,excluding,,,,,,yes,,,,,,,yes,yes,,
BOI,Electricals,60103174,MCB 20A 2POLE,OFFICE,84139120,NOS,2,NOS,2,,,,,,,excluding,,,,,,yes,,,,,,,yes,yes,,
BOI,Electricals,60103176,MCB 6A 3POLE,OFFICE,84139120,NOS,2,NOS,2,,,,,,,excluding,,,,,,yes,,,,,,,yes,yes,,
BOI,Electricals,60103177,MCB 4 POLE 32A,OFFICE,84139120,NOS,1,NOS,1,,,,,,,excluding,,,,,,yes,,,,,,,yes,yes,,
BOI,Electricals,60103178,INDUSTRIAL TOP 32AMP 5 PIN,OFFICE,84139120,NOS,2,NOS,2,,,,,,,excluding,,,,,,yes,,,,,,,yes,yes,,
BOI,Electricals,60103179,INDUSTRIAL SOCKET 32AMP 5 PIN,OFFICE,84139120,NOS,4,NOS,4,,,,,,,excluding,,,,,,yes,,,,,,,yes,yes,,
BOI,Electricals,60103180,SCH MCB 10AMP 02 POLE,OFFICE,84139120,NOS,1,NOS,1,,,,,,,excluding,,,,,,yes,,,,,,,yes,yes,,
BOI,Electricals,60103184,INDUSTRIAL TOP 16AMP 3 PIN,OFFICE,84139120,NOS,4,NOS,4,,,,,,,excluding,,,,,,yes,,,,,,,yes,yes,,
BOI,Electricals,60103186,MCB 63A 3POLE,OFFICE,84139120,NOS,2,NOS,2,,,,,,,excluding,,,,,,yes,,,,,,,yes,yes,,
BOI,Electricals,60103188,MCB 6A SINGLE POLE,OFFICE,84139120,NOS,10,NOS,10,,,,,,,excluding,,,,,,yes,,,,,,,yes,yes,,
BOI,Electricals,60103190,MCB 32A 3POLE,OFFICE,84139120,NOS,3,NOS,3,,,,,,,excluding,,,,,,yes,,,,,,,yes,yes,,
BOI,Electricals,60103192,MCB- 16 AMP Three pole,OFFICE,84139120,NOS,2,NOS,2,,,,,,,excluding,,,,,,yes,,,,,,,yes,yes,,
BOI,Electricals,60103193,MCB 4 POLE 63A,OFFICE,84139120,NOS,2,NOS,2,,,,,,,excluding,,,,,,yes,,,,,,,yes,yes,,
BOI,Electricals,60103196,MCB 10A SINGLE POLE,OFFICE,84139120,NOS,7,NOS,7,,,,,,,excluding,,,,,,yes,,,,,,,yes,yes,,
BOI,Electricals,60103198,MCB 16A 4POLE,OFFICE,84139120,NOS,2,NOS,2,,,,,,,excluding,,,,,,yes,,,,,,,yes,yes,,
BOI,Electricals,60103199,MCB 16A SINGLE POLE,OFFICE,84139120,NOS,7,NOS,7,,,,,,,excluding,,,,,,yes,,,,,,,yes,yes,,
BOI,Electricals,60103201,SCH MAKE MPCB 24 TO 32 AMP,OFFICE,84139120,NOS,3,NOS,3,,,,,,,excluding,,,,,,yes,,,,,,,yes,yes,,
BOI,Electricals,60103205,SCH MPCB GV3P50 37 TO 50A,OFFICE,84139120,NOS,2,NOS,2,,,,,,,excluding,,,,,,yes,,,,,,,yes,yes,,
BOI,Electricals,60103206,SCH MPCB GV2P16 9 TO 14AMP,OFFICE,84139120,NOS,1,NOS,1,,,,,,,excluding,,,,,,yes,,,,,,,yes,yes,,
BOI,Electricals,60103207,"MCB 10 AMP,3 POLE",OFFICE,84139120,NOS,3,NOS,3,,,,,,,excluding,,,,,,yes,,,,,,,yes,yes,,
BOI,Electricals,60103209,MODULAR SWITCH 10AMP,OFFICE,84139120,NOS,21,NOS,21,,,,,,,excluding,,,,,,yes,,,,,,,yes,yes,,
BOI,Electricals,60103210,MODULAR SOCKET 10AMP,OFFICE,84139120,NOS,19,NOS,19,,,,,,,excluding,,,,,,yes,,,,,,,yes,yes,,
BOI,Electricals,60103212,DIN RAIL FOR MCB FITTING,OFFICE,84139120,NOS,4,NOS,4,,,,,,,excluding,,,,,,yes,,,,,,,yes,yes,,
BOI,Electricals,60103214,ANGLE HOLDER,OFFICE,84139120,NOS,8,NOS,8,,,,,,,excluding,,,,,,yes,,,,,,,yes,yes,,
BOI,Electricals,60103215,BELL SWITCH 5A,OFFICE,84139120,NOS,3,NOS,3,,,,,,,excluding,,,,,,yes,,,,,,,yes,yes,,
BOI,Electricals,60103218,"TOP 6AMP,3PIN",OFFICE,84139120,NOS,4,NOS,4,,,,,,,excluding,,,,,,yes,,,,,,,yes,yes,,
BOI,Electricals,60103223,MODULAR SWITCH 16AMP,OFFICE,84139120,NOS,4,NOS,4,,,,,,,excluding,,,,,,yes,,,,,,,yes,yes,,
BOI,Electricals,60103224,MODULAR SOCKET 20AMP,OFFICE,84139120,NOS,5,NOS,5,,,,,,,excluding,,,,,,yes,,,,,,,yes,yes,,
BOI,Electricals,60103228,SCH MPCB GV3P65 48 TO 63AMP,OFFICE,84139120,NOS,1,NOS,1,,,,,,,excluding,,,,,,yes,,,,,,,yes,yes,,
BOI,Electricals,60103230,ELMEX CONNECTOR 6MM SQ.,OFFICE,84139120,NOS,49,NOS,49,,,,,,,excluding,,,,,,yes,,,,,,,yes,yes,,
BOI,Electricals,60103231,ELMEX CONNECTOR 10MM SQ.,OFFICE,84139120,NOS,28,NOS,28,,,,,,,excluding,,,,,,yes,,,,,,,yes,yes,,
BOI,Electricals,60103232,ELMEX CONNECTOR 16MM SQ.,OFFICE,84139120,NOS,17,NOS,17,,,,,,,excluding,,,,,,yes,,,,,,,yes,yes,,
BOI,Electricals,60103234,SCH MPCB GV2P14 6 TO 10AMP,OFFICE,84139120,NOS,2,NOS,2,,,,,,,excluding,,,,,,yes,,,,,,,yes,yes,,
BOI,Electricals,60103237,SCH MPCB GV2P22 20 TO 25AMP,OFFICE,84139120,NOS,2,NOS,2,,,,,,,excluding,,,,,,yes,,,,,,,yes,yes,,
BOI,Electricals,60103239,ELMAX CONNECTOR 04SQ/MM,OFFICE,84139120,NOS,20,NOS,20,,,,,,,excluding,,,,,,yes,,,,,,,yes,yes,,
BOI,Electricals,60103241,SCH MCB 6AMP DP,OFFICE,84139120,NOS,2,NOS,2,,,,,,,excluding,,,,,,yes,,,,,,,yes,yes,,
BOI,Electricals,60103242,SCH MPCB 2.5 TO 04A ,OFFICE,84139120,NOS,2,NOS,2,,,,,,,excluding,,,,,,yes,,,,,,,yes,yes,,
BOI,Electricals,60103243,MCB 80AMP 03 POLE,OFFICE,84139120,NOS,2,NOS,2,,,,,,,excluding,,,,,,yes,,,,,,,yes,yes,,
BOI,Electricals,60103247,SCH MPCB 17 TO 23AMP ,OFFICE,84139120,NOS,1,NOS,1,,,,,,,excluding,,,,,,yes,,,,,,,yes,yes,,
BOI,Electricals,60103251,MCB 01 AMP SINGLE POLE ,OFFICE,84139120,NOS,1,NOS,1,,,,,,,excluding,,,,,,yes,,,,,,,yes,yes,,
BOI,Electricals,60103252,CABLE TIE 100MM,OFFICE,84139120,NOS,4,NOS,4,,,,,,,excluding,,,,,,yes,,,,,,,yes,yes,,
BOI,Electricals,60103256,ELMEX CONNECTOR 4MM SQ.(CET TYPE),OFFICE,84139120,NOS,66,NOS,66,,,,,,,excluding,,,,,,yes,,,,,,,yes,yes,,
BOI,Electricals,60103288,DIGITAL CLAMP METER DT-2700,OFFICE,84139120,NOS,1,NOS,1,,,,,,,excluding,,,,,,yes,,,,,,,yes,yes,,
BOI,Electricals,60103291,ALUMINUM CAST FOOT PEDAL SWITCH JIGO LT-3   ,OFFICE,84139120,NOS,4,NOS,4,,,,,,,excluding,,,,,,yes,,,,,,,yes,yes,,
BOI,Electricals,60103293,CABLE TIE 350MM,OFFICE,84139120,PKT,1,PKT,1,,,,,,,excluding,,,,,,yes,,,,,,,yes,yes,,
BOI,Electricals,60103301,PEDAL LIMIT SWITCH ELEMENT CM - 1704 ,OFFICE,84139120,NOS,3,NOS,3,,,,,,,excluding,,,,,,yes,,,,,,,yes,yes,,
BOI,Electricals,60103303,"SHUNT TRIP COLI-8573090, 230V AC",OFFICE,84139120,NOS,1,NOS,1,,,,,,,excluding,,,,,,yes,,,,,,,yes,yes,,
BOI,Electricals,60103314,LIMIT SWITCH (SENSOR) REPON RPCA12-2Q ,OFFICE,84139120,NOS,1,NOS,1,,,,,,,excluding,,,,,,yes,,,,,,,yes,yes,,
BOI,Electricals,60103315,PROXIMITY SWITCH (SENSOR) IDF6-3010NA IDEAL,OFFICE,84139120,NOS,1,NOS,1,,,,,,,excluding,,,,,,yes,,,,,,,yes,yes,,
BOI,Electricals,60103320,LIMIT SWITCH HONEYWELL LONG LEVER SZL-WL-B-A01AH,OFFICE,84139120,NOS,2,NOS,2,,,,,,,excluding,,,,,,yes,,,,,,,yes,yes,,
BOI,Electricals,60103321,LIMIT SWITCH IDEAL SHORT LEVER MODEL-IDCA2-2,OFFICE,84139120,NOS,3,NOS,3,,,,,,,excluding,,,,,,yes,,,,,,,yes,yes,,
BOI,Electricals,60103324,"30"" WALL FAN BLADE 750MM",OFFICE,84139120,NOS,3,NOS,3,,,,,,,excluding,,,,,,yes,,,,,,,yes,yes,,
BOI,Electricals,60103325,"18"" EXHUST FAN BLADE 450MM",OFFICE,84139120,NOS,2,NOS,2,,,,,,,excluding,,,,,,yes,,,,,,,yes,yes,,
BOI,Electricals,60103327,LIMIT SWITCH WITH ROLLER 3SE5122-BA00 MAKE-SIEMENS,OFFICE,84139120,NOS,2,NOS,2,,,,,,,excluding,,,,,,yes,,,,,,,yes,yes,,
BOI,Electricals,60103332,END CLAMP FOR ELMEX CONNECTOR,OFFICE,84139120,NOS,145,NOS,145,,,,,,,excluding,,,,,,yes,,,,,,,yes,yes,,
BOI,Electricals,60103333,END PLATE 16MM SQ.,OFFICE,84139120,NOS,15,NOS,15,,,,,,,excluding,,,,,,yes,,,,,,,yes,yes,,
BOI,Electricals,60103351,SPIK GARD 4WAY 15A,OFFICE,84139120,NOS,3,NOS,3,,,,,,,excluding,,,,,,yes,,,,,,,yes,yes,,
BOI,Electricals,60103364,P.V.C.FERRULS 1.5MM SQ.(0 TO 9 & A TO Z),OFFICE,84139120,PKT,218,PKT,218,,,,,,,excluding,,,,,,yes,,,,,,,yes,yes,,
BOI,Electricals,60103377,MCB 25 AMP SINGLE POLE,OFFICE,84139120,NOS,2,NOS,2,,,,,,,excluding,,,,,,yes,,,,,,,yes,yes,,
BOI,Electricals,60103421,PVC MOTOR COOLING FAN 33MM ID X 220MM OD,OFFICE,84139120,NOS,4,NOS,4,,,,,,,excluding,,,,,,yes,,,,,,,yes,yes,,
BOI,Electricals,60103423,"PANEL COOLING FAN 120 X 120 X 38 MM,220/240AC",OFFICE,84139120,NOS,1,NOS,1,,,,,,,excluding,,,,,,yes,,,,,,,yes,yes,,
BOI,Electricals,60103426,SOLDRON TIPS 25W,OFFICE,84139120,NOS,1,NOS,1,,,,,,,excluding,,,,,,yes,,,,,,,yes,yes,,
BOI,Electricals,60103442,MCB 32AMP FOUR POLE ,OFFICE,84139120,NOS,1,NOS,1,,,,,,,excluding,,,,,,yes,,,,,,,yes,yes,,
BOI,Electricals,60103443, MCB 25AMP FOUR POLE,OFFICE,84139120,NOS,2,NOS,2,,,,,,,excluding,,,,,,yes,,,,,,,yes,yes,,
BOI,Electricals,60103446,"PANEL COOLING FAN SIZE - 90MM X 90MM ( 3.5"" X 3.5"")",OFFICE,84139120,NOS,1,NOS,1,,,,,,,excluding,,,,,,yes,,,,,,,yes,yes,,
BOI,Electricals,60103447,PVC DUCTS 01 MTR 60 X 80MM,OFFICE,84139120,NOS,30,NOS,30,,,,,,,excluding,,,,,,yes,,,,,,,yes,yes,,
BOI,Electricals,60103448,PVC DUCTS TRAY 45 X 45MM,OFFICE,84139120,NOS,40,NOS,40,,,,,,,excluding,,,,,,yes,,,,,,,yes,yes,,
BOI,Electricals,60103449,PVC FAN FLANGE 190MM,OFFICE,84139120,NOS,3,NOS,3,,,,,,,excluding,,,,,,yes,,,,,,,yes,yes,,
BOI,Electricals,60201001,STREET LIGHT LED 36W WHITE,OFFICE,84139120,NOS,5,NOS,5,,,,,,,excluding,,,,,,yes,,,,,,,yes,yes,,
BOI,Electricals,60201010,LED LAMP 9WATT 230VOLT,OFFICE,84139120,NOS,7,NOS,7,,,,,,,excluding,,,,,,yes,,,,,,,yes,yes,,
BOI,Electricals,60201011,LED DRIVER (CHOKE) 50W,OFFICE,84139120,NOS,50,NOS,50,,,,,,,excluding,,,,,,yes,,,,,,,yes,yes,,
BOI,Electricals,60201018,LED DRIVER (CHOKE) 30W,OFFICE,84139120,NOS,4,NOS,4,,,,,,,excluding,,,,,,yes,,,,,,,yes,yes,,
BOI,Electricals,60201019,LED DRIVER (CHOKE) 50 TO 60W,OFFICE,84139120,NOS,6,NOS,6,,,,,,,excluding,,,,,,yes,,,,,,,yes,yes,,
BOI,Electricals,60201025,IND.MACHINE LAMP 3 ARM (TABLE LAMP),OFFICE,84139120,NOS,4,NOS,4,,,,,,,excluding,,,,,,yes,,,,,,,yes,yes,,
BOI,Electricals,60201067,HALOGEN LAMP (50 W) 12 V 50 W,OFFICE,84139120,NOS,7,NOS,7,,,,,,,excluding,,,,,,yes,,,,,,,yes,yes,,
BOI,Electricals,60201069,HALOGEN LAMP 150W 12VALT,OFFICE,84139120,NOS,5,NOS,5,,,,,,,excluding,,,,,,yes,,,,,,,yes,yes,,
BOI,Electricals,60202019,TUBE LIGHT BATTEN SET 22W/20W,OFFICE,84139120,NOS,6,NOS,6,,,,,,,excluding,,,,,,yes,,,,,,,yes,yes,,
BOI,Electricals,60202035,LED INDICATOR 220V,OFFICE,84139120,NOS,70,NOS,70,,,,,,,excluding,,,,,,yes,,,,,,,yes,yes,,
BOI,Electricals,60202036,LED PANEL LIGHT 22W,OFFICE,84139120,NOS,6,NOS,6,,,,,,,excluding,,,,,,yes,,,,,,,yes,yes,,
BOI,Electricals,60301002,AGING OVEN SLEEVE,OFFICE,84139120,NOS,800,NOS,800,,,,,,,excluding,,,,,,yes,,,,,,,yes,yes,,
BOI,Electricals,60301003,IND.SOCKET TYPE CARTRDGE HEATER 3KW,OFFICE,84139120,NOS,2,NOS,2,,,,,,,excluding,,,,,,yes,,,,,,,yes,yes,,
BOI,Electricals,60301008,BOBBIN HEATER 45MM D X 900MM L 4000W X 230V ,OFFICE,84139120,NOS,1,NOS,1,,,,,,,excluding,,,,,,yes,,,,,,,yes,yes,,
BOI,Electricals,60301009,AGING OVEN SLEEVE CLOTH,OFFICE,84139120,NOS,10,NOS,10,,,,,,,excluding,,,,,,yes,,,,,,,yes,yes,,
BOI,Electricals,60301012,SOCKET TYPE HEATER 09KW,OFFICE,84139120,NOS,4,NOS,4,,,,,,,excluding,,,,,,yes,,,,,,,yes,yes,,
BOI,Electricals,60301015,BOBBIN HEATER 09KW X 1000MM LONG,OFFICE,84139120,NOS,4,NOS,4,,,,,,,excluding,,,,,,yes,,,,,,,yes,yes,,
BOI,Electricals,60301016,BOBBIN HEATER 04KW X 1000MM LONG,OFFICE,84139120,NOS,4,NOS,4,,,,,,,excluding,,,,,,yes,,,,,,,yes,yes,,
BOI,Electricals,60301018,CONTAINER HEATER 1.5 KW,OFFICE,84139120,NOS,13,NOS,13,,,,,,,excluding,,,,,,yes,,,,,,,yes,yes,,
BOI,Electricals,60301021,BOBBIN HEATER 02KW X 550MM LONG,OFFICE,84139120,NOS,1,NOS,1,,,,,,,excluding,,,,,,yes,,,,,,,yes,yes,,
BOI,Electricals,60301022,HEATER 06KW X 600MM LONG 415VOLTAGE (OIL HEATER),OFFICE,84139120,NOS,3,NOS,3,,,,,,,excluding,,,,,,yes,,,,,,,yes,yes,,
BOI,Electricals,60301025,"BOBBIN HEATER 9.5KW EN COVER TUBE SS 304 02"" FLANGE THREAD  ",OFFICE,84139120,NOS,3,NOS,3,,,,,,,excluding,,,,,,yes,,,,,,,yes,yes,,
BOI,Electricals,60401001,SENSOR NPN-18N(NOS),OFFICE,84139120,NOS,5,NOS,5,,,,,,,excluding,,,,,,yes,,,,,,,yes,yes,,
BOI,Electricals,60401002,READ RELAY 11PIN 240V AC,OFFICE,84139120,NOS,2,NOS,2,,,,,,,excluding,,,,,,yes,,,,,,,yes,yes,,
BOI,Electricals,60401004,SCH RELAY LR D14 7 TO 10A,OFFICE,84139120,NOS,1,NOS,1,,,,,,,excluding,,,,,,yes,,,,,,,yes,yes,,
BOI,Electricals,60401005,SCH RELAY 23 to 32 AMP LRD32,OFFICE,84139120,NOS,2,NOS,2,,,,,,,excluding,,,,,,yes,,,,,,,yes,yes,,
BOI,Electricals,60401006,SIEMENS OVERLOAD RELAY 10 to 16 AMP,OFFICE,84139120,NOS,1,NOS,1,,,,,,,excluding,,,,,,yes,,,,,,,yes,yes,,
BOI,Electricals,60401008,SIEMENS OVER LOAD RELAY 20 to 32AMP[,OFFICE,84139120,NOS,1,NOS,1,,,,,,,excluding,,,,,,yes,,,,,,,yes,yes,,
BOI,Electricals,60401009, RELAY 14 PIN 24V DC,OFFICE,84139120,NOS,4,NOS,4,,,,,,,excluding,,,,,,yes,,,,,,,yes,yes,,
BOI,Electricals,60401010,RELAY 14 PIN 240V AC,OFFICE,84139120,NOS,6,NOS,6,,,,,,,excluding,,,,,,yes,,,,,,,yes,yes,,
BOI,Electricals,60401011,TRANSFORMER 12V,OFFICE,84139120,NOS,1,NOS,1,,,,,,,excluding,,,,,,yes,,,,,,,yes,yes,,
BOI,Electricals,60401012,SUPER TIMER ST3 01 SEC. TO 6M,OFFICE,84139120,NOS,5,NOS,5,,,,,,,excluding,,,,,,yes,,,,,,,yes,yes,,
BOI,Electricals,60401015,"SMPS 4.5A,24V DC M.W.",OFFICE,84139120,NOS,2,NOS,2,,,,,,,excluding,,,,,,yes,,,,,,,yes,yes,,
BOI,Electricals,60401016,SELECTOR SWITCH 3WAY,OFFICE,84139120,NOS,3,NOS,3,,,,,,,excluding,,,,,,yes,,,,,,,yes,yes,,
BOI,Electricals,60401017,"ROTARY GEAR LIMIT SWITCH 40AMP(gear ratio 48:1)2 contacts,series type 2NC",OFFICE,84139120,NOS,1,NOS,1,,,,,,,excluding,,,,,,yes,,,,,,,yes,yes,,
BOI,Electricals,60401019,LIMIT SWITCH LEVER TYPE SMALL MODEL-FFH2C-1 CAM 20AMP,OFFICE,84139120,NOS,2,NOS,2,,,,,,,excluding,,,,,,yes,,,,,,,yes,yes,,
BOI,Electricals,60401021,PLC EXTENSION DIGITAL MODULE FX 2N - 16E X 16 1/O BO,OFFICE,84139120,NOS,1,NOS,1,,,,,,,excluding,,,,,,yes,,,,,,,yes,yes,,
BOI,Electricals,60401024,SCH RELAY 16 TO 24AMP,OFFICE,84139120,NOS,1,NOS,1,,,,,,,excluding,,,,,,yes,,,,,,,yes,yes,,
BOI,Electricals,60401025,TRANSFORMER 415V 24V D,OFFICE,84139120,NOS,1,NOS,1,,,,,,,excluding,,,,,,yes,,,,,,,yes,yes,,
BOI,Electricals,60401029,SCH RELAY LRD08 2.5 TO 4AMP,OFFICE,84139120,NOS,1,NOS,1,,,,,,,excluding,,,,,,yes,,,,,,,yes,yes,,
BOI,Electricals,60401035,RELAY WITH BASE 24V 14 PIN,OFFICE,84139120,NOS,2,NOS,2,,,,,,,excluding,,,,,,yes,,,,,,,yes,yes,,
BOI,Electricals,60401036,RELAY WITH BASE MY4N-14P,OFFICE,84139120,NOS,5,NOS,5,,,,,,,excluding,,,,,,yes,,,,,,,yes,yes,,
BOI,Electricals,60401037,AUTOMATIC BURNER CONTROL UNIT (IFD-258-5/1W),OFFICE,84139120,NOS,1,NOS,1,,,,,,,excluding,,,,,,yes,,,,,,,yes,yes,,
BOI,Electricals,60401039,"OMRON K8DS-PH1 MONITORING SEQQUENCE LOSS RELAY,200-480VAC, 2.7 YA,50/60",OFFICE,84139120,NOS,1,NOS,1,,,,,,,excluding,,,,,,yes,,,,,,,yes,yes,,
BOI,Electricals,60401046,ON DELAY TIMER RELAY PIN-14 230VAC MODEL- H3Y-4,OFFICE,84139120,NOS,3,NOS,3,,,,,,,excluding,,,,,,yes,,,,,,,yes,yes,,
BOI,Electricals,60401047,SIMENS BURNER SEQUENCE CONTROLLER LME 21.330 C2 WITH BASE PLATE,OFFICE,84139120,NOS,1,NOS,1,,,,,,,excluding,,,,,,yes,,,,,,,yes,yes,,
BOI,Electricals,60401049,MICRO SWITCH WITH PLUNGES & W/O PLUNGER,OFFICE,84139120,NOS,4,NOS,4,,,,,,,excluding,,,,,,yes,,,,,,,yes,yes,,
BOI,Electricals,60401051,CONSTANT SPEED CONTROLLER EPC-2800,OFFICE,84139120,NOS,1,NOS,1,,,,,,,excluding,,,,,,yes,,,,,,,yes,yes,,
BOI,Electricals,60401054,CAPOLLARY THERMOSTATS 16AMP 240VOLT,OFFICE,84139120,NOS,1,NOS,1,,,,,,,excluding,,,,,,yes,,,,,,,yes,yes,,
BOI,Electricals,60401057,NEUTRAL LINK BASE FOR 08 PIN TIMER,OFFICE,84139120,NOS,8,NOS,8,,,,,,,excluding,,,,,,yes,,,,,,,yes,yes,,
BOI,Electricals,60401058,CHANGE OVER SWITCH 125AMP FR-2 (L&T),OFFICE,84139120,NOS,1,NOS,1,,,,,,,excluding,,,,,,yes,,,,,,,yes,yes,,
BOI,Electricals,60401060,FX3U-232BD ELEC. CARD (SR.I2022022300322),OFFICE,84139120,NOS,2,NOS,2,,,,,,,excluding,,,,,,yes,,,,,,,yes,yes,,
BOI,Electricals,60401061,FX3U-485-ADP-MB ELEC CARD (SN.2193505),OFFICE,84139120,NOS,1,NOS,1,,,,,,,excluding,,,,,,yes,,,,,,,yes,yes,,
BOI,Electricals,60401063,POWER FACTOR CONTROLLER  SPFI-12 RELAY,OFFICE,84139120,NOS,1,NOS,1,,,,,,,excluding,,,,,,yes,,,,,,,yes,yes,,
BOI,Electricals,60401064,STEM TYPE THERMOSTAT MODEL-310C MAKE-GIRISHEGO,OFFICE,84139120,NOS,2,NOS,2,,,,,,,excluding,,,,,,yes,,,,,,,yes,yes,,
BOI,Electricals,60401066,DIGITAL TIMER PROGRAMMBLE DS48S-2Z 08PIN MAKE-OMRON,OFFICE,84139120,NOS,1,NOS,1,,,,,,,excluding,,,,,,yes,,,,,,,yes,yes,,
BOI,Electricals,60401069,SCH OVERLOAD RELAY LRD12 RANGE : 5.5A TO 8A,OFFICE,84139120,NOS,1,NOS,1,,,,,,,excluding,,,,,,yes,,,,,,,yes,yes,,
BOI,Electricals,60401072,THERMAL OVERLOAD RELAY RANGE-23 TO 32A TYPE-LRD332 MAKE-SCH,OFFICE,84139120,NOS,1,NOS,1,,,,,,,excluding,,,,,,yes,,,,,,,yes,yes,,
BOI,Electricals,60401073,RELAY MODEL : REJ601 FEEDER PROTECTION RELAY WITHOUT CONTROLS.TYPE : REJ60  ,OFFICE,84139120,NOS,1,NOS,1,,,,,,,excluding,,,,,,yes,,,,,,,yes,yes,,
BOI,Electricals,60401074,TEMPRATURE CONTROLLER UTC-121P-A2-3-WG (MULTISPAN),OFFICE,84139120,NOS,1,NOS,1,,,,,,,excluding,,,,,,yes,,,,,,,yes,yes,,
BOI,Electricals,60401080,LIQUID LEVEL CONTROLLER CAT-4421AD1 MAKE-GIC,OFFICE,84139120,NOS,1,NOS,1,,,,,,,excluding,,,,,,yes,,,,,,,yes,yes,,
BOI,Electricals,60401082,LIMIT SWITCH DE-92220 MAKE-SIEMENS,OFFICE,84139120,NOS,2,NOS,2,,,,,,,excluding,,,,,,yes,,,,,,,yes,yes,,
BOI,Electricals,60401085,RELAY (RJ1S-CL-D24)24V DC 5PIN,OFFICE,84139120,NOS,6,NOS,6,,,,,,,excluding,,,,,,yes,,,,,,,yes,yes,,
BOI,Electricals,60401093,"SWITCH OF GRINDER 14""",OFFICE,84139120,NOS,2,NOS,2,,,,,,,excluding,,,,,,yes,,,,,,,yes,yes,,
BOI,Electricals,60401102,"LIMIT SWITCH ROLLER TYPE ME - 8108,5A,230V AC",OFFICE,84139120,NOS,3,NOS,3,,,,,,,excluding,,,,,,yes,,,,,,,yes,yes,,
BOI,Electricals,60401122,CURRENT TRANSFORMER (C.T) 100/5 CLASS-1 10VA,OFFICE,84139120,NOS,3,NOS,3,,,,,,,excluding,,,,,,yes,,,,,,,yes,yes,,
BOI,Electricals,60401134,SCH RELAY LRD10 4 TO 6A,OFFICE,84139120,NOS,1,NOS,1,,,,,,,excluding,,,,,,yes,,,,,,,yes,yes,,
BOI,Electricals,60401145,DIGITAL TEMP.CONTROLLER K TYPE 110-240V UDIAN,OFFICE,84139120,NOS,2,NOS,2,,,,,,,excluding,,,,,,yes,,,,,,,yes,yes,,
BOI,Electricals,60401146,DIGITAL TEMP CONTROLLER INDICATOR 0-1200 ( 230 V)UTC-1202G-96MM SQ.MULTISPAN,OFFICE,84139120,NOS,1,NOS,1,,,,,,,excluding,,,,,,yes,,,,,,,yes,yes,,
BOI,Electricals,60401148,"DIGITAL TEMP. CONTROLLER TCN4S-24R, MULTI SENSOR",OFFICE,84139120,NOS,2,NOS,2,,,,,,,excluding,,,,,,yes,,,,,,,yes,yes,,
BOI,Electricals,60401149,TEMPERATURE CONTROLLER MODEL-TC-805M,OFFICE,84139120,NOS,2,NOS,2,,,,,,,excluding,,,,,,yes,,,,,,,yes,yes,,
BOI,Electricals,60401152,TEMPRATURE CONTROLLER MS-1208-M1,OFFICE,84139120,NOS,3,NOS,3,,,,,,,excluding,,,,,,yes,,,,,,,yes,yes,,
BOI,Electricals,60401156,OVERLOAD RELAY LRE06 RANGE 1 TO 1.6A,OFFICE,84139120,NOS,2,NOS,2,,,,,,,excluding,,,,,,yes,,,,,,,yes,yes,,
BOI,Electricals,60401158,SCH RELAY LRE07 1.6 TO 2.5A,OFFICE,84139120,NOS,1,NOS,1,,,,,,,excluding,,,,,,yes,,,,,,,yes,yes,,
BOI,Electricals,60401159,SCH RELAY LRD07 1.6 TO 2.5A,OFFICE,84139120,NOS,1,NOS,1,,,,,,,excluding,,,,,,yes,,,,,,,yes,yes,,
BOI,Electricals,60401162,CONTROL TRANSFORMER 100VA  I/P-415V O/P-230V,OFFICE,84139120,NOS,2,NOS,2,,,,,,,excluding,,,,,,yes,,,,,,,yes,yes,,
BOI,Electricals,60401164,TEMPERATURE CONTROLLER TC-19-B1-04 MAKE : MULTISPAN,OFFICE,84139120,NOS,1,NOS,1,,,,,,,excluding,,,,,,yes,,,,,,,yes,yes,,
BOI,Electricals,60401170,RELAY 24V DC 8 PIN,OFFICE,84139120,NOS,10,NOS,10,,,,,,,excluding,,,,,,yes,,,,,,,yes,yes,,
BOI,Electricals,60401181,DANFOSS PRESSURE SWITCH KP-35,OFFICE,84139120,NOS,1,NOS,1,,,,,,,excluding,,,,,,yes,,,,,,,yes,yes,,
BOI,Electricals,60401191,MICRO SWITCH 5A125V AC,OFFICE,84139120,NOS,1,NOS,1,,,,,,,excluding,,,,,,yes,,,,,,,yes,yes,,
BOI,Electricals,60401202,SCH MCCB 100AMP 3POLE LV426257,OFFICE,84139120,NOS,1,NOS,1,,,,,,,excluding,,,,,,yes,,,,,,,yes,yes,,
BOI,Electricals,60401205,MCCB 160AMP 04 POLE MAKE-L&T,OFFICE,84139120,NOS,1,NOS,1,,,,,,,excluding,,,,,,yes,,,,,,,yes,yes,,
BOI,Electricals,60401222,CONTROLLING TRANSFORMER 1500VA,OFFICE,84139120,NOS,1,NOS,1,,,,,,,excluding,,,,,,yes,,,,,,,yes,yes,,
BOI,Electricals,60401223,CONTROLLING TRANSFORMER 1000VA,OFFICE,84139120,NOS,1,NOS,1,,,,,,,excluding,,,,,,yes,,,,,,,yes,yes,,
BOI,Electricals,60401233,LGW 50 A2,OFFICE,84139120,NOS,1,NOS,1,,,,,,,excluding,,,,,,yes,,,,,,,yes,yes,,
BOI,Electricals,60401243,"PRESSURE CONTROL SWITCH PR-15X, 07 TO 15KG/CM2 MAKE-DELTA",OFFICE,84139120,NOS,1,NOS,1,,,,,,,excluding,,,,,,yes,,,,,,,yes,yes,,
BOI,Electricals,60401250,"CONTROLLING TRANSFORMER 25 KVA , INPUT VOLTAGE 400 VOLT AND OUTPUT VOLTAGE 24 AND 48 VOLT",OFFICE,84139120,NOS,1,NOS,1,,,,,,,excluding,,,,,,yes,,,,,,,yes,yes,,
BOI,Electricals,60401252,TIMER ON DELAY 800XA 230V SR.2105A03,OFFICE,84139120,NOS,7,NOS,7,,,,,,,excluding,,,,,,yes,,,,,,,yes,yes,,
BOI,Electricals,60401262,"RELAY 240V AC,8 PIN",OFFICE,84139120,NOS,4,NOS,4,,,,,,,excluding,,,,,,yes,,,,,,,yes,yes,,
BOI,Electricals,60401292,PUSH BUTTON WITH ELEMENT(PRESS TO STOP & TURN TO RESET),OFFICE,84139120,SET,6,SET,6,,,,,,,excluding,,,,,,yes,,,,,,,yes,yes,,
BOI,Electricals,60401307,PNEUMATIC CYLINDER SENSOR MODEL-CS1-U,OFFICE,84139120,NOS,3,NOS,3,,,,,,,excluding,,,,,,yes,,,,,,,yes,yes,,
BOI,Electricals,60401308,PROXIMITY SENSOR PNP NOS BR-400,OFFICE,84139120,NOS,1,NOS,1,,,,,,,excluding,,,,,,yes,,,,,,,yes,yes,,
BOI,Electricals,60401309,PHOTOELECTRIC SENSOR  TYPE-GIDN18-2A50A (IDEAL),OFFICE,84139120,NOS,6,NOS,6,,,,,,,excluding,,,,,,yes,,,,,,,yes,yes,,
BOI,Electricals,60401310,PHOTO SENSOR PNP NOS 06 TO 36 VOLT DC 300MA FOR WRAPPING M/C,OFFICE,84139120,NOS,4,NOS,4,,,,,,,excluding,,,,,,yes,,,,,,,yes,yes,,
BOI,Electricals,60402003,NOS ELEMENT,OFFICE,84139120,NOS,38,NOS,38,,,,,,,excluding,,,,,,yes,,,,,,,yes,yes,,
BOI,Electricals,60402005,EMERGENCY PUSH BUTTON RED,OFFICE,84139120,NOS,11,NOS,11,,,,,,,excluding,,,,,,yes,,,,,,,yes,yes,,
BOI,Electricals,60402006,CONTACT BLOCK LADN11 (ADDER BLOCK NOS + NC),OFFICE,84139120,NOS,4,NOS,4,,,,,,,excluding,,,,,,yes,,,,,,,yes,yes,,
BOI,Electricals,60402007,'INDICATING LAMP (RED/GREEN),OFFICE,84139120,NOS,3,NOS,3,,,,,,,excluding,,,,,,yes,,,,,,,yes,yes,,
BOI,Electricals,60402008,SELECTOR SWITCH 3 WAY,OFFICE,84139120,NOS,13,NOS,13,,,,,,,excluding,,,,,,yes,,,,,,,yes,yes,,
BOI,Electricals,60402009,SELECTOR SWITCH 2POSITION,OFFICE,84139120,NOS,10,NOS,10,,,,,,,excluding,,,,,,yes,,,,,,,yes,yes,,
BOI,Electricals,60402011,MITSUBISHI PLC MODEL : FX3U - 128MT/ES-A,OFFICE,84139120,NOS,1,NOS,1,,,,,,,excluding,,,,,,yes,,,,,,,yes,yes,,
BOI,Electricals,60402013,PUSH BUTTON GREEN/RED,OFFICE,84139120,NOS,31,NOS,31,,,,,,,excluding,,,,,,yes,,,,,,,yes,yes,,
BOI,Electricals,60402020,PUSH BUTTON SET FOR CRANE SCALE,OFFICE,84139120,NOS,1,NOS,1,,,,,,,excluding,,,,,,yes,,,,,,,yes,yes,,
BOI,Electricals,60402022,MITSUBISHI PLC MODEL-FX3U-80MR/ES-A ,OFFICE,84139120,NOS,1,NOS,1,,,,,,,excluding,,,,,,yes,,,,,,,yes,yes,,
BOI,Electricals,60402027,LADN20 ADD ON BLOCK ,OFFICE,84139120,NOS,5,NOS,5,,,,,,,excluding,,,,,,yes,,,,,,,yes,yes,,
BOI,Electricals,60402028,LADN22 ADD ON BLOCK ,OFFICE,84139120,NOS,2,NOS,2,,,,,,,excluding,,,,,,yes,,,,,,,yes,yes,,
BOI,Electricals,60402032,SCH CONTACTOR LC1D32,OFFICE,84139120,NOS,3,NOS,3,,,,,,,excluding,,,,,,yes,,,,,,,yes,yes,,
BOI,Electricals,60402033,SCH CONTACTOR LR1D50,OFFICE,84139120,NOS,1,NOS,1,,,,,,,excluding,,,,,,yes,,,,,,,yes,yes,,
BOI,Electricals,60402034,SCH CONTACTOR LC 1 D25A,OFFICE,84139120,NOS,2,NOS,2,,,,,,,excluding,,,,,,yes,,,,,,,yes,yes,,
BOI,Electricals,60402035,SIEMENS CONTACTOR 3TF 34 31AMP 230V,OFFICE,84139120,NOS,1,NOS,1,,,,,,,excluding,,,,,,yes,,,,,,,yes,yes,,
BOI,Electricals,60402036,SIEMENS CONTACTOR 3TF32 16AMP,OFFICE,84139120,NOS,1,NOS,1,,,,,,,excluding,,,,,,yes,,,,,,,yes,yes,,
BOI,Electricals,60402037,SCH CONTACTOR LC1 D65,OFFICE,84139120,NOS,3,NOS,3,,,,,,,excluding,,,,,,yes,,,,,,,yes,yes,,
BOI,Electricals,60402038,SCH CONTACTOR LC1D95,OFFICE,84139120,NOS,1,NOS,1,,,,,,,excluding,,,,,,yes,,,,,,,yes,yes,,
BOI,Electricals,60402039,"SIEMENS AIR BREAK (AUX) CONTACTOR 3TH30 31E, COIL VOLTAGE-230V",OFFICE,84139120,NOS,1,NOS,1,,,,,,,excluding,,,,,,yes,,,,,,,yes,yes,,
BOI,Electricals,60402040,"SIEMENS AIR BREAK (AUX) CONTACTOR 3TH30 22E, COIL VOLTAGE-230V",OFFICE,84139120,NOS,1,NOS,1,,,,,,,excluding,,,,,,yes,,,,,,,yes,yes,,
BOI,Electricals,60402041,SCH CONTACTOR CAD50M7 230V,OFFICE,84139120,NOS,2,NOS,2,,,,,,,excluding,,,,,,yes,,,,,,,yes,yes,,
BOI,Electricals,60402042,CONTACTOR SCH LC2K0910E7 48V A/C,OFFICE,84139120,NOS,2,NOS,2,,,,,,,excluding,,,,,,yes,,,,,,,yes,yes,,
BOI,Electricals,60402043,CONTACTOR SCH LC1K09008E7 48V,OFFICE,84139120,NOS,1,NOS,1,,,,,,,excluding,,,,,,yes,,,,,,,yes,yes,,
BOI,Electricals,60402044,"'BCH'CONTACTOR 16AMP,415V",OFFICE,84139120,NOS,1,NOS,1,,,,,,,excluding,,,,,,yes,,,,,,,yes,yes,,
BOI,Electricals,60402048,SCH CONTACTOR LC1K901E7 48V AC,OFFICE,84139120,NOS,2,NOS,2,,,,,,,excluding,,,,,,yes,,,,,,,yes,yes,,
BOI,Electricals,60402050,SCH CONTACTOR LC1D18F7 110V,OFFICE,84139120,NOS,1,NOS,1,,,,,,,excluding,,,,,,yes,,,,,,,yes,yes,,
BOI,Electricals,60402051,SCH CONTACTOR LC1D18M7 230V,OFFICE,84139120,NOS,1,NOS,1,,,,,,,excluding,,,,,,yes,,,,,,,yes,yes,,
BOI,Electricals,60402052,SCH CONTACTOR LC1D09M7C,OFFICE,84139120,NOS,1,NOS,1,,,,,,,excluding,,,,,,yes,,,,,,,yes,yes,,
BOI,Electricals,60402054,SCH CONTACTOR LC1 D40,OFFICE,84139120,NOS,3,NOS,3,,,,,,,excluding,,,,,,yes,,,,,,,yes,yes,,
BOI,Electricals,60402057,SCR POWER REGULATOR TPR-3P-48080-H,OFFICE,84139120,NOS,1,NOS,1,,,,,,,excluding,,,,,,yes,,,,,,,yes,yes,,
BOI,Electricals,60402058,SCH CONTACTOR LC1E0910M7,OFFICE,84139120,NOS,1,NOS,1,,,,,,,excluding,,,,,,yes,,,,,,,yes,yes,,
BOI,Electricals,60402073,AC DRIVE 2HP 415 V,OFFICE,84139120,NOS,1,NOS,1,,,,,,,excluding,,,,,,yes,,,,,,,yes,yes,,
BOI,Electricals,60402089,"SCH CONTACTOR LC 1 D50,220V AC",OFFICE,84139120,NOS,2,NOS,2,,,,,,,excluding,,,,,,yes,,,,,,,yes,yes,,
BOI,Electricals,60402090,"SCH CONTACTOR LC 1 D 25A, 110V AC",OFFICE,84139120,NOS,1,NOS,1,,,,,,,excluding,,,,,,yes,,,,,,,yes,yes,,
BOI,Electricals,60402097,AC DRIVE MODEL-VFD007L21A (USED PARTS),OFFICE,84139120,NOS,1,NOS,1,,,,,,,excluding,,,,,,yes,,,,,,,yes,yes,,
BOI,Electricals,60402170,EARTH TESTING KIT,OFFICE,84139120,SET,1,SET,1,,,,,,,excluding,,,,,,yes,,,,,,,yes,yes,,
BOI,Electricals,60402181,SCH CONTACTOR LC1D12F7 110V,OFFICE,84139120,NOS,2,NOS,2,,,,,,,excluding,,,,,,yes,,,,,,,yes,yes,,
BOI,Electricals,60402182,SCH CONTACTOR LC1D12M7 230V,OFFICE,84139120,NOS,1,NOS,1,,,,,,,excluding,,,,,,yes,,,,,,,yes,yes,,
BOI,Electricals,60402184,INDUCTION MOTOR 1/3HP KW 220V 1440 RPM FOR STRAPPING M/C,OFFICE,84139120,NOS,1,NOS,1,,,,,,,excluding,,,,,,yes,,,,,,,yes,yes,,
BOI,Electricals,60402197,MOTOR FLANGE KR 35 DP 70.4 P 80 B5 B3,OFFICE,84139120,NOS,1,NOS,1,,,,,,,excluding,,,,,,yes,,,,,,,yes,yes,,
BOI,Electricals,60402203,"CT MOTOR B14/B14 04P, DE,BBL BHARAT BIJLEE SN-U2247539 0.55KW 0.75HP 55IP 1310RPM 415V",OFFICE,84139120,NOS,1,NOS,1,,,,,,,excluding,,,,,,yes,,,,,,,yes,yes,,
BOI,Electricals,60402204,MOTOR 5HP 1500RPM FOOT CUM FLANGE MAKE-ABB  MODEL: M2BAX112MA4 IE2 B35,OFFICE,84139120,NOS,1,NOS,1,,,,,,,excluding,,,,,,yes,,,,,,,yes,yes,,
BOI,Electricals,60402206,GEAR BOX WORM  NTM-50 I 30:1 S-P71 FOR WRAPPING M/C,OFFICE,84139120,NOS,1,NOS,1,,,,,,,excluding,,,,,,yes,,,,,,,yes,yes,,
BOI,Electricals,60402207,ABB MOTOR IE2 12.5HP 1500 RPM  FOOT M2BAX160MLJ4_IE_B3_VPI ,OFFICE,84139120,NOS,1,NOS,1,,,,,,,excluding,,,,,,yes,,,,,,,yes,yes,,
BOI,Electricals,60402208,ABB MOTOR IE2 0.5 HP 1500 RPM FLANGE M2BAX71MB4_IE2_B5,OFFICE,84139120,NOS,1,NOS,1,,,,,,,excluding,,,,,,yes,,,,,,,yes,yes,,
BOI,Electricals,60402209,INDUCTION MOTOR 03 PHASE 3.7 KW 05 HP 7.5 A 1440 RPM MAKE- STALLION,OFFICE,84139120,NOS,1,NOS,1,,,,,,,excluding,,,,,,yes,,,,,,,yes,yes,,
BOI,Electricals,60402210,INDUCTION MOTOR 03 PHASE 2.2 KW 03 HP 7.6 A 1440 RPM MAKE- STALLION,OFFICE,84139120,NOS,1,NOS,1,,,,,,,excluding,,,,,,yes,,,,,,,yes,yes,,
BOI,Electricals,60402212,"THRUSTER MOTOR ELECTRO MAG METHODS,CODE  EBHT 240,415 VOLT ,C/S 50,3 PHASE,MAX AMP 0.3A ",OFFICE,84139120,NOS,1,NOS,1,,,,,,,excluding,,,,,,yes,,,,,,,yes,yes,,
BOI,Electricals,60403004,"CARBON BRUSH FOR 4"" GRINDER",OFFICE,84139120,NOS,3,NOS,3,,,,,,,excluding,,,,,,yes,,,,,,,yes,yes,,
BOI,Electricals,60403005,"CARBON BRUSH FOR 5"" GRINDER",OFFICE,84139120,NOS,2,NOS,2,,,,,,,excluding,,,,,,yes,,,,,,,yes,yes,,
BOI,Electricals,60403007,"CARBON BRUSH FOR 14"" CUTTING MACHINE",OFFICE,84139120,NOS,24,NOS,24,,,,,,,excluding,,,,,,yes,,,,,,,yes,yes,,
BOI,Electricals,60403011,"MCCB 250A ,3POLE",OFFICE,84139120,NOS,1,NOS,1,,,,,,,excluding,,,,,,yes,,,,,,,yes,yes,,
BOI,Electricals,60403013,"CAPACITOR 25KVAR,32.80A,440V,3PH",OFFICE,84139120,NOS,1,NOS,1,,,,,,,excluding,,,,,,yes,,,,,,,yes,yes,,
BOI,Electricals,60403014,CAPACITOR 8MFD 400V,OFFICE,84139120,NOS,1,NOS,1,,,,,,,excluding,,,,,,yes,,,,,,,yes,yes,,
BOI,Electricals,60403015,CAPACITOR 10MFD 350V,OFFICE,84139120,NOS,1,NOS,1,,,,,,,excluding,,,,,,yes,,,,,,,yes,yes,,
BOI,Electricals,60403016,CAPACITOR 6MFD 350V,OFFICE,84139120,NOS,4,NOS,4,,,,,,,excluding,,,,,,yes,,,,,,,yes,yes,,
BOI,Electricals,60403017,CAPACITOR  2.5MFD,OFFICE,84139120,NOS,6,NOS,6,,,,,,,excluding,,,,,,yes,,,,,,,yes,yes,,
BOI,Electricals,60403020,CAPACITOR 15MFD,OFFICE,84139120,NOS,2,NOS,2,,,,,,,excluding,,,,,,yes,,,,,,,yes,yes,,
BOI,Electricals,60403021,CAPACITOR 3.15 MFD 420V 50HZ,OFFICE,84139120,NOS,1,NOS,1,,,,,,,excluding,,,,,,yes,,,,,,,yes,yes,,
BOI,Electricals,60403022,CAPACITOR 50V,OFFICE,84139120,NOS,1,NOS,1,,,,,,,excluding,,,,,,yes,,,,,,,yes,yes,,
BOI,Electricals,60403023,CAPACITOR 20MFD 440V,OFFICE,84139120,NOS,1,NOS,1,,,,,,,excluding,,,,,,yes,,,,,,,yes,yes,,
BOI,Electricals,60403024,RECTIFIER 10AMP ,OFFICE,84139120,NOS,1,NOS,1,,,,,,,excluding,,,,,,yes,,,,,,,yes,yes,,
BOI,Electricals,60403026,"SOLENOSID COIL 240V AC,19WATTS",OFFICE,84139120,NOS,4,NOS,4,,,,,,,excluding,,,,,,yes,,,,,,,yes,yes,,
BOI,Electricals,60403028,SCH CONTACTOR COIL 9- 32AMP 230 V,OFFICE,84139120,NOS,1,NOS,1,,,,,,,excluding,,,,,,yes,,,,,,,yes,yes,,
BOI,Electricals,60403031,SCH CONTACTOR COIL 9-32 AMP 110V ,OFFICE,84139120,NOS,1,NOS,1,,,,,,,excluding,,,,,,yes,,,,,,,yes,yes,,
BOI,Electricals,60403032,BRAKE COIL 440V(2581) ,OFFICE,84139120,NOS,8,NOS,8,,,,,,,excluding,,,,,,yes,,,,,,,yes,yes,,
BOI,Electricals,60403033,SPARE COIL 230V UAC 16WATT ,OFFICE,84139120,NOS,2,NOS,2,,,,,,,excluding,,,,,,yes,,,,,,,yes,yes,,
BOI,Electricals,60403040,"ELECTROMAGNETIC COIL, 415 VOLT CODE-M2D1-200",OFFICE,84139120,NOS,1,NOS,1,,,,,,,excluding,,,,,,yes,,,,,,,yes,yes,,
BOI,Electricals,60403052,SOLENOSID COIL 16W 24 VOLT DC R982682647,OFFICE,84139120,NOS,1,NOS,1,,,,,,,excluding,,,,,,yes,,,,,,,yes,yes,,
BOI,Electricals,60403096,"CAPACITOR 04 MFD 440V,50HZ",OFFICE,84139120,NOS,2,NOS,2,,,,,,,excluding,,,,,,yes,,,,,,,yes,yes,,
BOI,Electricals,60403097,CAPACITOR 5 MFD,OFFICE,84139120,NOS,3,NOS,3,,,,,,,excluding,,,,,,yes,,,,,,,yes,yes,,
BOI,Electricals,60403099,CAPACITOR 5 KVAR,OFFICE,84139120,NOS,3,NOS,3,,,,,,,excluding,,,,,,yes,,,,,,,yes,yes,,
BOI,Electricals,60403104,CAPACITOR 36 MFD(CLIP TYPE),OFFICE,84139120,NOS,1,NOS,1,,,,,,,excluding,,,,,,yes,,,,,,,yes,yes,,
BOI,Electricals,60403106,CAPACITOR 10 KVAR SUBODH,OFFICE,84139120,NOS,1,NOS,1,,,,,,,excluding,,,,,,yes,,,,,,,yes,yes,,
BOI,Electricals,60404001,"IND.PEDUSTAL FAN 18""(450MM)",OFFICE,84139120,NOS,1,NOS,1,,,,,,,excluding,,,,,,yes,,,,,,,yes,yes,,
BOI,Electricals,60404002,"WALL FAN 18""(450MM)",OFFICE,84139120,NOS,1,NOS,1,,,,,,,excluding,,,,,,yes,,,,,,,yes,yes,,
BOI,Electricals,60404007,USHA EXHUST FAN MODEL-1209 300MM 1325RPM,OFFICE,84139120,NOS,2,NOS,2,,,,,,,excluding,,,,,,yes,,,,,,,yes,yes,,
BOI,Electricals,60404019,"EXHUST FAN H/D 18""(450MM) 1400RPM",OFFICE,84139120,NOS,2,NOS,2,,,,,,,excluding,,,,,,yes,,,,,,,yes,yes,,
BOI,Electricals,60404020,PANEL COOLING FAN (EXHUST) JG-172150 0.22A 38W,OFFICE,84139120,NOS,1,NOS,1,,,,,,,excluding,,,,,,yes,,,,,,,yes,yes,,
BOI,Electricals,60404021,WINDY 24 ECO WIND MILL TURBINE VENTILATOR,OFFICE,84139120,NOS,3,NOS,3,,,,,,,excluding,,,,,,yes,,,,,,,yes,yes,,
BOI,Electricals,60404029,PANEL COOLING FAN 24VOLT DC REXNOSRD REC-17251 B24 W,OFFICE,84139120,NOS,1,NOS,1,,,,,,,excluding,,,,,,yes,,,,,,,yes,yes,,
BOI,Electricals,60404032,"AXIAL FAN COMPRESSOR FAN,MODEL : YDWF74M4-470N-400B, 230VOLT,1378 RPM",OFFICE,84139120,NOS,1,NOS,1,,,,,,,excluding,,,,,,yes,,,,,,,yes,yes,,
BOI,Electricals,60501007,UPS EMERSOM 600VA,OFFICE,84139120,NOS,3,NOS,3,,,,,,,excluding,,,,,,yes,,,,,,,yes,yes,,
BOI,Electricals,60501011,KEYBOARD,OFFICE,84139120,NOS,6,NOS,6,,,,,,,excluding,,,,,,yes,,,,,,,yes,yes,,
BOI,Electricals,60501013,"RIBBON WAX RESIN (105mm x 300mtr,core : 1"",NOSrmal Blue Lead",OFFICE,84139120,NOS,6,NOS,6,,,,,,,excluding,,,,,,yes,,,,,,,yes,yes,,
BOI,Electricals,60501014,"LABLE ROLL 100 X 100mm,White G,Core 1"",Inside winding,",OFFICE,84139120,NOS,42,NOS,42,,,,,,,excluding,,,,,,yes,,,,,,,yes,yes,,
BOI,Electricals,60501015,K-HDMI EXTENDER 120M (RX) F11A00939,OFFICE,84139120,NOS,1,NOS,1,,,,,,,excluding,,,,,,yes,,,,,,,yes,yes,,
BOI,Electricals,60501016,K-HDMI EXTENDER 120M (TX) F11A00927,OFFICE,84139120,NOS,1,NOS,1,,,,,,,excluding,,,,,,yes,,,,,,,yes,yes,,
BOI,Electricals,60501017,"TVSE LABEL PRINTER LP45 WITHOUT NETWORK 4""",OFFICE,84139120,NOS,1,NOS,1,,,,,,,excluding,,,,,,yes,,,,,,,yes,yes,,
BOI,Electricals,60501022,DIGI REACH HD2-4K (2M),OFFICE,84139120,NOS,2,NOS,2,,,,,,,excluding,,,,,,yes,,,,,,,yes,yes,,
BOI,Electricals,60501032,POWER CODE  (1.5 MTR LONG CABLE),OFFICE,84139120,NOS,2,NOS,2,,,,,,,excluding,,,,,,yes,,,,,,,yes,yes,,
BOI,Electricals,60501033,PRINTER CABLE USB TO PRINTER 1.5MTRBLACK (CABLE USB),OFFICE,84139120,NOS,3,NOS,3,,,,,,,excluding,,,,,,yes,,,,,,,yes,yes,,
BOI,Electricals,60501039,POTENTIOMETER 220K OHMS,OFFICE,84139120,NOS,1,NOS,1,,,,,,,excluding,,,,,,yes,,,,,,,yes,yes,,
BOI,Electricals,60501092,MOUSE (BLACK),OFFICE,84139120,NOS,3,NOS,3,,,,,,,excluding,,,,,,yes,,,,,,,yes,yes,,
BOI,Electricals,60501104,CONNECTOR RJ-45,OFFICE,84139120,NOS,40,NOS,40,,,,,,,excluding,,,,,,yes,,,,,,,yes,yes,,
BOI,Electricals,60501185,DYANAMIC BRAKING RESISTORS 1850W 130E,OFFICE,84139120,NOS,1,NOS,1,,,,,,,excluding,,,,,,yes,,,,,,,yes,yes,,
BOI,Electricals,60501186,"H.M.I DISPLAY MODEL-PFXGP4502 WADW, RATING 24VDC CLASS-2 ",OFFICE,84139120,NOS,1,NOS,1,,,,,,,excluding,,,,,,yes,,,,,,,yes,yes,,
BOI,Electricals,60501188,VFD FOR PULLER H1000/1W MAKE-YASKAWA (IMP-CHINA),OFFICE,84139120,NOS,1,NOS,1,,,,,,,excluding,,,,,,yes,,,,,,,yes,yes,,
BOI,Electricals,60501189,VFD FOR HOT LOG FURNACE SE3-043-3.7K MAKE-SHIHLIN,OFFICE,84139120,NOS,1,NOS,1,,,,,,,excluding,,,,,,yes,,,,,,,yes,yes,,
BOI,Electricals,60501193,CONTROLLER RELAY SUPPLY MONITORING DEVICE SM-501 MAKE-GIC,OFFICE,84139120,NOS,2,NOS,2,,,,,,,excluding,,,,,,yes,,,,,,,yes,yes,,
BOI,Electricals,60501194,HOT TOP VFD MODEL-GD200A-004G/5R5P-4 (INVT) S/N- 202210204 ,OFFICE,84139120,NOS,1,NOS,1,,,,,,,excluding,,,,,,yes,,,,,,,yes,yes,,
BOI,Electricals,60501196,FEDUS RJ45 COUPLER ETHERNET CAT7(FEMALE TO FEMALE),OFFICE,84139120,NOS,19,NOS,19,,,,,,,excluding,,,,,,yes,,,,,,,yes,yes,,
BOI,Electricals,60601008,CRIMPING TOOL 16 TO 300 SQ.MM,OFFICE,84139120,NOS,1,NOS,1,,,,,,,excluding,,,,,,yes,,,,,,,yes,yes,,
BOI,Electricals,60601140,CAT-6 HDMI CONVERTER BRAND-IMPRESSION,OFFICE,84139120,NOS,1,NOS,1,,,,,,,excluding,,,,,,yes,,,,,,,yes,yes,,
BOI,Electricals,60701098,WEIGHING INDICATOR (REPAIRED),OFFICE,84139120,NOS,1,NOS,1,,,,,,,excluding,,,,,,yes,,,,,,,yes,yes,,
BOI,Electricals,60701157,DIGITAL TACHNOS METER MODEL-KM-2241,OFFICE,84139120,NOS,1,NOS,1,,,,,,,excluding,,,,,,yes,,,,,,,yes,yes,,
BOI,Bearings,70101006,BALL BEARING NOS 6205 ZZ,OFFICE,84139120,NOS,8,NOS,8,,,,,,,excluding,,,,,,yes,,,,,,,yes,yes,,
BOI,Bearings,70101008,BALL BEARING NOS:6207,OFFICE,84139120,NOS,6,NOS,6,,,,,,,excluding,,,,,,yes,,,,,,,yes,yes,,
BOI,Bearings,70101010,BALL BEARING NOS;6210,OFFICE,84139120,NOS,9,NOS,9,,,,,,,excluding,,,,,,yes,,,,,,,yes,yes,,
BOI,Bearings,70101014,BALL BEARING NOS:6306,OFFICE,84139120,NOS,8,NOS,8,,,,,,,excluding,,,,,,yes,,,,,,,yes,yes,,
BOI,Bearings,70101017,BALL BEARING NOS:6309 ZZ,OFFICE,84139120,NOS,8,NOS,8,,,,,,,excluding,,,,,,yes,,,,,,,yes,yes,,
BOI,Bearings,70101019,BALL BEARING NOS:6311,OFFICE,84139120,NOS,5,NOS,5,,,,,,,excluding,,,,,,yes,,,,,,,yes,yes,,
BOI,Bearings,70101020,BALL BEARING NOS:6312,OFFICE,84139120,NOS,4,NOS,4,,,,,,,excluding,,,,,,yes,,,,,,,yes,yes,,
BOI,Bearings,70101026,BEARING NOS.6316 ZZ,OFFICE,84139120,NOS,2,NOS,2,,,,,,,excluding,,,,,,yes,,,,,,,yes,yes,,
BOI,Bearings,70101027,BEARING NOS.UCP208-12(SPRING),OFFICE,84139120,NOS,4,NOS,4,,,,,,,excluding,,,,,,yes,,,,,,,yes,yes,,
BOI,Bearings,70101029,BEARING NOS.61905ZZ,OFFICE,84139120,NOS,18,NOS,18,,,,,,,excluding,,,,,,yes,,,,,,,yes,yes,,
BOI,Bearings,70101045,RAIL GUIDE BEARING H30VN,OFFICE,84139120,NOS,4,NOS,4,,,,,,,excluding,,,,,,yes,,,,,,,yes,yes,,
BOI,Bearings,70101046,BALL BEARING 6319ZZ,OFFICE,84139120,NOS,2,NOS,2,,,,,,,excluding,,,,,,yes,,,,,,,yes,yes,,
BOI,Bearings,70101047,BALL BEARING NOS:6002ZZ,OFFICE,84139120,NOS,16,NOS,16,,,,,,,excluding,,,,,,yes,,,,,,,yes,yes,,
BOI,Bearings,70101048,BALL BEARING NOS:6001,OFFICE,84139120,NOS,17,NOS,17,,,,,,,excluding,,,,,,yes,,,,,,,yes,yes,,
BOI,Bearings,70101049,BALL BEARING NOS:6006,OFFICE,84139120,NOS,11,NOS,11,,,,,,,excluding,,,,,,yes,,,,,,,yes,yes,,
BOI,Bearings,70101061,PILLOW BEARING FL-212,OFFICE,84139120,NOS,2,NOS,2,,,,,,,excluding,,,,,,yes,,,,,,,yes,yes,,
BOI,Bearings,70101062,PLUMMER BLOCK BEARING UCP-207,OFFICE,84139120,NOS,4,NOS,4,,,,,,,excluding,,,,,,yes,,,,,,,yes,yes,,
BOI,Bearings,70101065,LINNER GUIDE BEARING LSH-20-BK-HN-N-D-M6,OFFICE,84139120,NOS,4,NOS,4,,,,,,,excluding,,,,,,yes,,,,,,,yes,yes,,
BOI,Bearings,70101067,BALL BEARING NOS:6201ZZ,OFFICE,84139120,NOS,14,NOS,14,,,,,,,excluding,,,,,,yes,,,,,,,yes,yes,,
BOI,Bearings,70101068,BALL BEARING NOS:6202ZZ,OFFICE,84139120,NOS,31,NOS,31,,,,,,,excluding,,,,,,yes,,,,,,,yes,yes,,
BOI,Bearings,70101070,BALL BEARING NOS : 6005 ZZ,OFFICE,84139120,NOS,26,NOS,26,,,,,,,excluding,,,,,,yes,,,,,,,yes,yes,,
BOI,Bearings,70101072,BALL BEARING NOS- 6206 ZZ,OFFICE,84139120,NOS,16,NOS,16,,,,,,,excluding,,,,,,yes,,,,,,,yes,yes,,
BOI,Bearings,70101073,BALL BEARING NOS;6307ZZ,OFFICE,84139120,NOS,5,NOS,5,,,,,,,excluding,,,,,,yes,,,,,,,yes,yes,,
BOI,Bearings,70101078,BALL BEARING NOS:6004ZZ,OFFICE,84139120,NOS,10,NOS,10,,,,,,,excluding,,,,,,yes,,,,,,,yes,yes,,
BOI,Bearings,70101079,BALL BEARING NOS.6204ZZ,OFFICE,84139120,NOS,4,NOS,4,,,,,,,excluding,,,,,,yes,,,,,,,yes,yes,,
BOI,Bearings,70101080,BALL BEARING 32212-A-AM (FAG),OFFICE,84139120,NOS,2,NOS,2,,,,,,,excluding,,,,,,yes,,,,,,,yes,yes,,
BOI,Bearings,70101081,RAIL GUIDE LINEAR BEARING LM BLOCK DFH25A S07896736 MAKE-PDF,OFFICE,84139120,NOS,4,NOS,4,,,,,,,excluding,,,,,,yes,,,,,,,yes,yes,,
BOI,Bearings,70101082,BALL BEARING NOS-6209/Z,OFFICE,84139120,NOS,6,NOS,6,,,,,,,excluding,,,,,,yes,,,,,,,yes,yes,,
BOI,Bearings,70101088,BALL BEARING NOS:6200ZZ,OFFICE,84139120,NOS,5,NOS,5,,,,,,,excluding,,,,,,yes,,,,,,,yes,yes,,
BOI,Bearings,70101091,BALL BEARING 6208ZZ,OFFICE,84139120,NOS.,8,NOS.,8,,,,,,,excluding,,,,,,yes,,,,,,,yes,yes,,
BOI,Bearings,70101095,BALL BEARING 6308ZZ,OFFICE,84139120,NOS.,13,NOS.,13,,,,,,,excluding,,,,,,yes,,,,,,,yes,yes,,
BOI,Bearings,70101100,BALL BEARING NOS.61906 ZZ,OFFICE,84139120,NOS,6,NOS,6,,,,,,,excluding,,,,,,yes,,,,,,,yes,yes,,
BOI,Bearings,70101102,BALL BEARING NOS;6304ZZ,OFFICE,84139120,NOS,4,NOS,4,,,,,,,excluding,,,,,,yes,,,,,,,yes,yes,,
BOI,Bearings,70101103,BALL BEARING NOS:6003ZZ,OFFICE,84139120,NOS,5,NOS,5,,,,,,,excluding,,,,,,yes,,,,,,,yes,yes,,
BOI,Bearings,70101109,BALL BEARING NOS.608,OFFICE,84139120,NOS,2,NOS,2,,,,,,,excluding,,,,,,yes,,,,,,,yes,yes,,
BOI,Bearings,70104004,BALL BEARING NOS:6310ZZ,OFFICE,84139120,NOS,5,NOS,5,,,,,,,excluding,,,,,,yes,,,,,,,yes,yes,,
BOI,Bearings,70105003,BEARING BLOCK UCP 206,OFFICE,84139120,NOS,6,NOS,6,,,,,,,excluding,,,,,,yes,,,,,,,yes,yes,,
BOI,Bearings,70105005,PILLOW BLOCK WITH BEARING UCP -  204,OFFICE,84139120,NOS,4,NOS,4,,,,,,,excluding,,,,,,yes,,,,,,,yes,yes,,
BOI,Bearings,70105010,PILLOW BLOCK WITH BEARING NOS.UCP-210,OFFICE,84139120,NOS,9,NOS,9,,,,,,,excluding,,,,,,yes,,,,,,,yes,yes,,
BOI,Bearings,70105011,PEDESTAL BEARING NOS.UCP 205,OFFICE,84139120,NOS,4,NOS,4,,,,,,,excluding,,,,,,yes,,,,,,,yes,yes,,
BOI,Bearings,70105016,FLANGED BALL BEARING UCFL 210 ,OFFICE,84139120,NOS,20,NOS,20,,,,,,,excluding,,,,,,yes,,,,,,,yes,yes,,
BOI,Bearings,70105018,PILLOW BLOCK BEARING UCT 212,OFFICE,84139120,NOS,2,NOS,2,,,,,,,excluding,,,,,,yes,,,,,,,yes,yes,,
BOI,Bearings,70105062,LINER WIDE BEARING BLOCK MODEL-SBR30UU,OFFICE,84139120,NOS,6,NOS,6,,,,,,,excluding,,,,,,yes,,,,,,,yes,yes,,
BOI,,70201001,"SEAL KIT 06""(O RING FOR 6"" LINER)IMPORTED",OFFICE,84139120,NOS,80,NOS,80,,,,,,,excluding,,,,,,yes,,,,,,,yes,yes,,
BOI,Seal & O Ring,70201002,"SEAL KIT 07""(O RING FOR 7"" LINER)IMPORTED",OFFICE,84139120,NOS,5,NOS,5,,,,,,,excluding,,,,,,yes,,,,,,,yes,yes,,
BOI,Seal & O Ring,70201012,NITRILE O RING 198MM X 5.5MM,OFFICE,84139120,NOS,39,NOS,39,,,,,,,excluding,,,,,,yes,,,,,,,yes,yes,,
BOI,Seal & O Ring,70201014,WIPER SEAL 30 X 40 X 5MM,OFFICE,84139120,NOS,8,NOS,8,,,,,,,excluding,,,,,,yes,,,,,,,yes,yes,,
BOI,Seal & O Ring,70201015,WIPER SEAL 40CX 50 X 5MM,OFFICE,84139120,NOS,8,NOS,8,,,,,,,excluding,,,,,,yes,,,,,,,yes,yes,,
BOI,Seal & O Ring,70201030,O RING 227.97 X 5.33MM,OFFICE,84139120,NOS.,34,NOS.,34,,,,,,,excluding,,,,,,yes,,,,,,,yes,yes,,
BOI,Seal & O Ring,70201031,'O' RING 177.17 X 5.33MM,OFFICE,84139120,NOS,34,NOS,34,,,,,,,excluding,,,,,,yes,,,,,,,yes,yes,,
BOI,Seal & O Ring,70201032,1600UST SIDE CYLINDER SEALS,OFFICE,84139120,SET,2,SET,2,,,,,,,excluding,,,,,,yes,,,,,,,yes,yes,,
BOI,Seal & O Ring,70201033,1600UST CONTAINER SEALS,OFFICE,84139120,SET,3,SET,3,,,,,,,excluding,,,,,,yes,,,,,,,yes,yes,,
BOI,Seal & O Ring,70201034,PU SEAL 30 X 40 X 06MM,OFFICE,84139120,NOS,4,NOS,4,,,,,,,excluding,,,,,,yes,,,,,,,yes,yes,,
BOI,Seal & O Ring,70201035,"O RING 07"" 235 X 5.7MM CHINA",OFFICE,84139120,NOS,85,NOS,85,,,,,,,excluding,,,,,,yes,,,,,,,yes,yes,,
BOI,Seal & O Ring,70201036,"O RING 07"" 215 X 5.7MM CHINA",OFFICE,84139120,NOS,85,NOS,85,,,,,,,excluding,,,,,,yes,,,,,,,yes,yes,,
BOI,Seal & O Ring,70201037,"O RING 07"" 265 X 5.7MM CHINA",OFFICE,84139120,NOS,85,NOS,85,,,,,,,excluding,,,,,,yes,,,,,,,yes,yes,,
BOI,Seal & O Ring,70201039,"O RING 07"" 215 X 5.7MM SILICON CHINA",OFFICE,84139120,NOS,20,NOS,20,,,,,,,excluding,,,,,,yes,,,,,,,yes,yes,,
BOI,Seal & O Ring,70201040,"O RING 07"" 265 X 5.7MM SILICON CHINA",OFFICE,84139120,NOS,10,NOS,10,,,,,,,excluding,,,,,,yes,,,,,,,yes,yes,,
BOI,Seal & O Ring,70201043,RUBBER SPIDER L-99/100,OFFICE,84139120,NOS,6,NOS,6,,,,,,,excluding,,,,,,yes,,,,,,,yes,yes,,
BOI,Seal & O Ring,70201049,PNEUMATIC SEAL 40 X 48 X 6/8MM,OFFICE,84139120,NOS,10,NOS,10,,,,,,,excluding,,,,,,yes,,,,,,,yes,yes,,
BOI,Seal & O Ring,70201055,U SEAL 60 X 70 X 07MM,OFFICE,84139120,NOS,2,NOS,2,,,,,,,excluding,,,,,,yes,,,,,,,yes,yes,,
BOI,Seal & O Ring,70201062,OIL SEAL 58MM X 80MM X 10MM,OFFICE,84139120,NOS,4,NOS,4,,,,,,,excluding,,,,,,yes,,,,,,,yes,yes,,
BOI,Seal & O Ring,70201067,PU ROD SEAL 45 X 55 X 6.5MM,OFFICE,84139120,NOS,6,NOS,6,,,,,,,excluding,,,,,,yes,,,,,,,yes,yes,,
BOI,Seal & O Ring,70201069,P U ROD SEAL 95 X 110 X 10MM,OFFICE,84139120,NOS,10,NOS,10,,,,,,,excluding,,,,,,yes,,,,,,,yes,yes,,
BOI,Seal & O Ring,70201070,PU SEAL 95 X 110 X 9MM,OFFICE,84139120,NOS,2,NOS,2,,,,,,,excluding,,,,,,yes,,,,,,,yes,yes,,
BOI,Seal & O Ring,70201079,PU SEAL  90 X 100 X 08MM,OFFICE,84139120,NOS,4,NOS,4,,,,,,,excluding,,,,,,yes,,,,,,,yes,yes,,
BOI,Seal & O Ring,70201087,OIL SEAL 25MM X 40MM X 7MM/8MM,OFFICE,84139120,NOS,2,NOS,2,,,,,,,excluding,,,,,,yes,,,,,,,yes,yes,,
BOI,Seal & O Ring,70201093,MECHANICAL SEAL 25MM,OFFICE,84139120,NOS,3,NOS,3,,,,,,,excluding,,,,,,yes,,,,,,,yes,yes,,
BOI,Seal & O Ring,70201095,MECHANICAL SEAL LUBI MAKE MDH 314 01HP PUMP ,OFFICE,84139120,NOS,1,NOS,1,,,,,,,excluding,,,,,,yes,,,,,,,yes,yes,,
BOI,Seal & O Ring,70201097,ROD SEAL 32 X 42 X 7.3MM,OFFICE,84139120,NOS,6,NOS,6,,,,,,,excluding,,,,,,yes,,,,,,,yes,yes,,
BOI,Seal & O Ring,70201099,MECHANICAL SEAL 28MM,OFFICE,84139120,NOS,2,NOS,2,,,,,,,excluding,,,,,,yes,,,,,,,yes,yes,,
BOI,Seal & O Ring,70201100,MACHANICAL SEAL 12MM,OFFICE,84139120,NOS,5,NOS,5,,,,,,,excluding,,,,,,yes,,,,,,,yes,yes,,
BOI,Seal & O Ring,70201101,OIL SEAL 12 X 21 X 7MM,OFFICE,84139120,SET,17,SET,17,,,,,,,excluding,,,,,,yes,,,,,,,yes,yes,,
BOI,Seal & O Ring,70201105,MACHANICAL SEAL FOR LUBI PUMP MODEL-LNC-053,OFFICE,84139120,NOS,1,NOS,1,,,,,,,excluding,,,,,,yes,,,,,,,yes,yes,,
BOI,Seal & O Ring,70201109,OIL SEAL 20 X 35 X 7MM,OFFICE,84139120,NOS,6,NOS,6,,,,,,,excluding,,,,,,yes,,,,,,,yes,yes,,
BOI,Seal & O Ring,70201111,PNEUMATIC SEAL CUSHIONING TYPE 32 X 40 X 6/8MM,OFFICE,84139120,NOS,9,NOS,9,,,,,,,excluding,,,,,,yes,,,,,,,yes,yes,,
BOI,Seal & O Ring,70201136,'O' RING 92 X 86 X 3MM,OFFICE,84139120,NOS,20,NOS,20,,,,,,,excluding,,,,,,yes,,,,,,,yes,yes,,
BOI,Seal & O Ring,70201137,'O'RING 94 X 88 X 3MM,OFFICE,84139120,NOS,20,NOS,20,,,,,,,excluding,,,,,,yes,,,,,,,yes,yes,,
BOI,Seal & O Ring,70201138,SEAL SET FOR AIR TECH CYLINDER P-SC125-R1(125X175),OFFICE,84139120,SET,3,SET,3,,,,,,,excluding,,,,,,yes,,,,,,,yes,yes,,
BOI,Seal & O Ring,70201140,SEAL SET FOR AIR TECH CYLINDER PSC80N-R1,OFFICE,84139120,SET,1,SET,1,,,,,,,excluding,,,,,,yes,,,,,,,yes,yes,,
BOI,Seal & O Ring,70201141,SEAL SET FOR AIR TECH CYLINDER P-ACQ63-R1,OFFICE,84139120,SET,1,SET,1,,,,,,,excluding,,,,,,yes,,,,,,,yes,yes,,
BOI,Seal & O Ring,70201142,AIR TECH SEAL FOR CYLINER 160 X 150,OFFICE,84139120,SET,1,SET,1,,,,,,,excluding,,,,,,yes,,,,,,,yes,yes,,
BOI,Seal & O Ring,70201143,AIR TECH SEAL FOR CYLINER 100 X 350,OFFICE,84139120,SET,1,SET,1,,,,,,,excluding,,,,,,yes,,,,,,,yes,yes,,
BOI,Seal & O Ring,70201258,ROD SEAL 35 X 45 X 06MM,OFFICE,84139120,NOS,4,NOS,4,,,,,,,excluding,,,,,,yes,,,,,,,yes,yes,,
BOI,Seal & O Ring,70201259,PU SEAL 35 X 45 X 6MM,OFFICE,84139120,NOS,3,NOS,3,,,,,,,excluding,,,,,,yes,,,,,,,yes,yes,,
BOI,Seal & O Ring,70201263,WIPER SEAL 35MM ID X 45 X 5/6.5,OFFICE,84139120,NOS,2,NOS,2,,,,,,,excluding,,,,,,yes,,,,,,,yes,yes,,
BOI,Seal & O Ring,70201296,OIL SEAL 25MMX33MMX5MM,OFFICE,84139120,NOS,12,NOS,12,,,,,,,excluding,,,,,,yes,,,,,,,yes,yes,,
BOI,Seal & O Ring,70201300,CHEVRON SEAL 80 X 60 X 33MM,OFFICE,84139120,NOS,1,NOS,1,,,,,,,excluding,,,,,,yes,,,,,,,yes,yes,,
BOI,Seal & O Ring,70201301,U SEAL 68 X 60 X 05MM,OFFICE,84139120,NOS,3,NOS,3,,,,,,,excluding,,,,,,yes,,,,,,,yes,yes,,
BOI,Seal & O Ring,70201302,U SEAL 73 X 63 X 06MM,OFFICE,84139120,NOS,2,NOS,2,,,,,,,excluding,,,,,,yes,,,,,,,yes,yes,,
BOI,Seal & O Ring,70201332,HYD. PISTON SEAL 40 X 50 X 6 MM,OFFICE,84139120,NOS,6,NOS,6,,,,,,,excluding,,,,,,yes,,,,,,,yes,yes,,
BOI,Seal & O Ring,70201338,PISTON SEAL 90 X 78 X 14MM,OFFICE,84139120,NOS,2,NOS,2,,,,,,,excluding,,,,,,yes,,,,,,,yes,yes,,
BOI,Seal & O Ring,70201348,'O'RING CORD 5MM DIA,OFFICE,84139120,MTR,3,MTR,3,,,,,,,excluding,,,,,,yes,,,,,,,yes,yes,,
BOI,Seal & O Ring,70201351,RUBBER CORD 3 MM,OFFICE,84139120,MTR,3,MTR,3,,,,,,,excluding,,,,,,yes,,,,,,,yes,yes,,
BOI,Seal & O Ring,70201429,G-10 PU WIPER SEAL 140 X 152 X 8.5/11,OFFICE,84139120,NOS,2,NOS,2,,,,,,,excluding,,,,,,yes,,,,,,,yes,yes,,
BOI,Seal & O Ring,70201430,HYDRAULIC SEAL 140 X 160 X 15MM,OFFICE,84139120,NOS,2,NOS,2,,,,,,,excluding,,,,,,yes,,,,,,,yes,yes,,
BOI,Seal & O Ring,70201431,"""O"" RING 155 X 07MM",OFFICE,84139120,NOS,1,NOS,1,,,,,,,excluding,,,,,,yes,,,,,,,yes,yes,,
BOI,Seal & O Ring,70201445,PISTON SEAL 53 X 63 X 06 MM,OFFICE,84139120,NOS,6,NOS,6,,,,,,,excluding,,,,,,yes,,,,,,,yes,yes,,
BOI,Seal & O Ring,70201446,PISTON SEAL 110 X 125 X 09 MM,OFFICE,84139120,NOS,1,NOS,1,,,,,,,excluding,,,,,,yes,,,,,,,yes,yes,,
BOI,Seal & O Ring,70201472,WIPER SEAL 62 X 50 X 5/9.5MM,OFFICE,84139120,NOS,4,NOS,4,,,,,,,excluding,,,,,,yes,,,,,,,yes,yes,,
BOI,Seal & O Ring,70201473,WIPER SEAL 63 X 55 X 5/6.5MM,OFFICE,84139120,NOS,5,NOS,5,,,,,,,excluding,,,,,,yes,,,,,,,yes,yes,,
BOI,Seal & O Ring,70201492,PU PISTON SEAL 80 X 70 X 07MM,OFFICE,84139120,NOS,6,NOS,6,,,,,,,excluding,,,,,,yes,,,,,,,yes,yes,,
BOI,Seal & O Ring,70201494,MECHANICAL SEAL 19MM,OFFICE,84139120,NOS,6,NOS,6,,,,,,,excluding,,,,,,yes,,,,,,,yes,yes,,
BOI,Seal & O Ring,70201499,OIL SEAL 45MM X 55MM X 7.3,OFFICE,84139120,NOS,2,NOS,2,,,,,,,excluding,,,,,,yes,,,,,,,yes,yes,,
BOI,Seal & O Ring,70201501,ROD SEAL HL 45 X 55 X 8MM,OFFICE,84139120,NOS,3,NOS,3,,,,,,,excluding,,,,,,yes,,,,,,,yes,yes,,
BOI,Seal & O Ring,70201528,WIPER SEAL DHS (84842000) 45 X 53 X 6/8MM,OFFICE,84139120,NOS,3,NOS,3,,,,,,,excluding,,,,,,yes,,,,,,,yes,yes,,
BOI,Seal & O Ring,70201530,WIPER SEAL 35 X 43 X 6.5MM,OFFICE,84139120,NOS,1,NOS,1,,,,,,,excluding,,,,,,yes,,,,,,,yes,yes,,
BOI,Seal & O Ring,70201576,OIL SEAL 50 X 62 X 10MM,OFFICE,84139120,NOS,4,NOS,4,,,,,,,excluding,,,,,,yes,,,,,,,yes,yes,,
BOI,Seal & O Ring,70201577,OIL SEAL 75 X 90 X 10MM,OFFICE,84139120,NOS,4,NOS,4,,,,,,,excluding,,,,,,yes,,,,,,,yes,yes,,
BOI,Seal & O Ring,70201578,OIL SEAL 17 X 35 X 8MM,OFFICE,84139120,NOS,5,NOS,5,,,,,,,excluding,,,,,,yes,,,,,,,yes,yes,,
BOI,Seal & O Ring,70201579,PU PISTON SEAL 40 X 25 X 10MM,OFFICE,84139120,NOS,3,NOS,3,,,,,,,excluding,,,,,,yes,,,,,,,yes,yes,,
BOI,Seal & O Ring,70201613,PU SEAL 50MM X 65MM X 10MM(LOCK VALVE SEAL)FOR NEW B.PRESS,OFFICE,84139120,NOS,4,NOS,4,,,,,,,excluding,,,,,,yes,,,,,,,yes,yes,,
BOI,Seal & O Ring,70201802,OIL SEAL 20MM X 30MM X 7MM,OFFICE,84139120,NOS,5,NOS,5,,,,,,,excluding,,,,,,yes,,,,,,,yes,yes,,
BOI,Seal & O Ring,70201811,RUBBER CORD 2.5MM,OFFICE,84139120,MTR,5,MTR,5,,,,,,,excluding,,,,,,yes,,,,,,,yes,yes,,
BOI,Seal & O Ring,70201812,RUBBER CORD 4MM,OFFICE,84139120,MTR,2.5,MTR,2.5,,,,,,,excluding,,,,,,yes,,,,,,,yes,yes,,
BOI,Seal & O Ring,70201813,RUBBER CORD 6MM,OFFICE,84139120,MTR,3,MTR,3,,,,,,,excluding,,,,,,yes,,,,,,,yes,yes,,
BOI,Seal & O Ring,70201814,RUBBER CORD 8MM,OFFICE,84139120,MTR,2,MTR,2,,,,,,,excluding,,,,,,yes,,,,,,,yes,yes,,
BOI,Seal & O Ring,70201815,RUBBER CORD 10MM,OFFICE,84139120,MTR,2,MTR,2,,,,,,,excluding,,,,,,yes,,,,,,,yes,yes,,
BOI,Seal & O Ring,70201816,O RING 52 X 44 X 04MM,OFFICE,84139120,NOS,2,NOS,2,,,,,,,excluding,,,,,,yes,,,,,,,yes,yes,,
BOI,Seal & O Ring,70201817,O RING 44 X 50 X 03MM,OFFICE,84139120,NOS,2,NOS,2,,,,,,,excluding,,,,,,yes,,,,,,,yes,yes,,
BOI,Seal & O Ring,70201818,ROD SEAL 55 X 63 X 10MM,OFFICE,84139120,NOS,4,NOS,4,,,,,,,excluding,,,,,,yes,,,,,,,yes,yes,,
BOI,Seal & O Ring,70201822,"""O""RING 89 X 82 X 3.5MM",OFFICE,84139120,NOS,7,NOS,7,,,,,,,excluding,,,,,,yes,,,,,,,yes,yes,,
BOI,Seal & O Ring,70201823,"""O""RING 96 X 89 X 3.5MM",OFFICE,84139120,NOS,6,NOS,6,,,,,,,excluding,,,,,,yes,,,,,,,yes,yes,,
BOI,Seal & O Ring,70201824,"""O"" RING 90 X 82 X 04MM",OFFICE,84139120,NOS,1,NOS,1,,,,,,,excluding,,,,,,yes,,,,,,,yes,yes,,
BOI,Seal & O Ring,70201825,PNEMATIC PISTON SEAL 110 X 124 X 05MM,OFFICE,84139120,NOS,8,NOS,8,,,,,,,excluding,,,,,,yes,,,,,,,yes,yes,,
BOI,Hardware,70301007,"TEMPOSONIC SENSOR ASSEMBLY(MODEL:RP5SA1830M01D701S1012B1)WITH SLIDER MAGNET&CONNECTRO,CLAMP",OFFICE,84139120,NOS,1,NOS,1,,,,,,,excluding,,,,,,yes,,,,,,,yes,yes,,
BOI,Hardware,70301015,MECO CLAMP METER 2700,OFFICE,84139120,NOS,2,NOS,2,,,,,,,excluding,,,,,,yes,,,,,,,yes,yes,,
BOI,Hardware,70301017,PRESSURE GAUGE 0 TO 10 BAR MODEL-A2G02,OFFICE,84139120,NOS,1,NOS,1,,,,,,,excluding,,,,,,yes,,,,,,,yes,yes,,
BOI,Hardware,70301018,"PRESSURE GAUGE 0 TO 7 KG CM2 3/8""",OFFICE,84139120,NOS,1,NOS,1,,,,,,,excluding,,,,,,yes,,,,,,,yes,yes,,
BOI,Hardware,70301019,PRESSURE GAUGE 0-420 KG/CM2 6000 PSI,OFFICE,84139120,NOS,4,NOS,4,,,,,,,excluding,,,,,,yes,,,,,,,yes,yes,,
BOI,Electricals,70301021,COUNTER METER SIZE-65MM X 65MM MODEL-DHC2J-A2PR,OFFICE,84139120,NOS,2,NOS,2,,,,,,,excluding,,,,,,yes,,,,,,,yes,yes,,
BOI,Electricals,70301034,K TYPE THERMOCOUPLE SIMPLEX 8MM DIA X 350MM LONG WITH CONN.HEAD,OFFICE,84139120,NOS,1,NOS,1,,,,,,,excluding,,,,,,yes,,,,,,,yes,yes,,
BOI,Electricals,70301037,K-TYPE THERMOCOUPLE 25.10 DIA  X 1000MM,OFFICE,84139120,NOS,5,NOS,5,,,,,,,excluding,,,,,,yes,,,,,,,yes,yes,,
BOI,Electricals,70301038,"K TYPE THERMOCOUPLE D-08MM, L-150MM",OFFICE,84139120,NOS,1,NOS,1,,,,,,,excluding,,,,,,yes,,,,,,,yes,yes,,
BOI,Electricals,70301039,COUNTER METER MMC-2046,OFFICE,84139120,NOS,1,NOS,1,,,,,,,excluding,,,,,,yes,,,,,,,yes,yes,,
BOI,Electricals,70301041,PH METER,OFFICE,84139120,NOS,1,NOS,1,,,,,,,excluding,,,,,,yes,,,,,,,yes,yes,,
BOI,Electricals,70301042,"K TYPE THERMOCOUPLE D 08MM, L-380MM, SS-316 WITH METAL BRAIDED WIRE 02 MTR",OFFICE,84139120,NOS,1,NOS,1,,,,,,,excluding,,,,,,yes,,,,,,,yes,yes,,
BOI,Electricals,70301044,"K TYPE THERMOCOUPLE  DIA-20MM, L-1000MM THICK-7.5MM SS316",OFFICE,84139120,NOS,2,NOS,2,,,,,,,excluding,,,,,,yes,,,,,,,yes,yes,,
BOI,Electricals,70301046,ENERGY METER METSEEM6400NGRSCL1,OFFICE,84139120,NOS,1,NOS,1,,,,,,,excluding,,,,,,yes,,,,,,,yes,yes,,
BOI,Electricals,70301048,CR/AL THERMOCOUPLE 25MM DIA 300MM LENGTH WITH 1.5MTR CABLE ,OFFICE,84139120,NOS,1,NOS,1,,,,,,,excluding,,,,,,yes,,,,,,,yes,yes,,
BOI,Electricals,70301049,ENERGY METER MODEL-EM-10-A2-00 MULTISPAN ,OFFICE,84139120,NOS,1,NOS,1,,,,,,,excluding,,,,,,yes,,,,,,,yes,yes,,
BOI,Electricals,70301053,POWER CLAMP METER 1000A AC/DC,OFFICE,84139120,NOS,1,NOS,1,,,,,,,excluding,,,,,,yes,,,,,,,yes,yes,,
BOI,Electricals,70301054,"THERMOCOPLE ""K""TYPE SIMPLEX 10MM DIS X 320MM LONG",OFFICE,84139120,NOS,3,NOS,3,,,,,,,excluding,,,,,,yes,,,,,,,yes,yes,,
BOI,Electricals,70301080,THERMOMETER  0 TO 100 C.,OFFICE,84139120,NOS,1,NOS,1,,,,,,,excluding,,,,,,yes,,,,,,,yes,yes,,
BOI,Electricals,70301081,AMP. METER 0 TO 50A/5A C.T.50-5A,OFFICE,84139120,NOS,2,NOS,2,,,,,,,excluding,,,,,,yes,,,,,,,yes,yes,,
BOI,Hardware,70301086,"PRESSURE GAUGE 04"" (100MM)  1/2""BSP RANGE-04KG",OFFICE,84139120,NOS,2,NOS,2,,,,,,,excluding,,,,,,yes,,,,,,,yes,yes,,
BOI,Hardware,70301087,"PRESSURE GAUGE 04"" (100MM) 3/8"" BSP RANGE-21KG",OFFICE,84139120,NOS,1,NOS,1,,,,,,,excluding,,,,,,yes,,,,,,,yes,yes,,
BOI,Hardware,70301088,"PRESSURE GAUGE 2.5"" (POINTER DIAL) 0-100 PSI 1/4"" BSP (M)",OFFICE,84139120,NOS,2,NOS,2,,,,,,,excluding,,,,,,yes,,,,,,,yes,yes,,
BOI,Hardware,70301093,PNEUMATIC PRESSURE GAUGE 0-20KG/CM2,OFFICE,84139120,NOS,1,NOS,1,,,,,,,excluding,,,,,,yes,,,,,,,yes,yes,,
BOI,Electricals,70301109,THERMOCOPLE (CR/AL)ELEMENT 1 MTR.LONG,OFFICE,84139120,NOS,1,NOS,1,,,,,,,excluding,,,,,,yes,,,,,,,yes,yes,,
BOI,Electricals,70301110, BIMETALLIC THERMOMETER GAUGE 0 TO 50 DEGREE CELSIUS,OFFICE,84139120,NOS,1,NOS,1,,,,,,,excluding,,,,,,yes,,,,,,,yes,yes,,
BOI,Electricals,70301115,VIS GAUGE (M-F),OFFICE,84139120,NOS,1,NOS,1,,,,,,,excluding,,,,,,yes,,,,,,,yes,yes,,
BOI,Electricals,70301128,ANALOG DC MILLI AMP METER 0 TO 30 MA,OFFICE,84139120,NOS,1,NOS,1,,,,,,,excluding,,,,,,yes,,,,,,,yes,yes,,
BOI,Electricals,70301154,"K THERMOCOUPLE SIMPLEX D-27MM L-700MM ""L"" SHAPE WITH CONNECTION HEAD SS 310 14 SWG",OFFICE,84139120,NOS,2,NOS,2,,,,,,,excluding,,,,,,yes,,,,,,,yes,yes,,
BOI,Electricals,70301163,WATER METER 65MM MODEL : JWM-65,OFFICE,84139120,NOS,1,NOS,1,,,,,,,excluding,,,,,,yes,,,,,,,yes,yes,,
BOI,Hardware,70401001,DRAG CHAIN 75 X 35MM(RUBBER),OFFICE,84139120,MTR,8,MTR,8,,,,,,,excluding,,,,,,yes,,,,,,,yes,yes,,
BOI,Hardware,70401002,LASTIC DRAG CABLE CARRIER CLOSED TYPE 15MM X 20MM,OFFICE,84139120,MTR,5,MTR,5,,,,,,,excluding,,,,,,yes,,,,,,,yes,yes,,
BOI,Hardware,70401003,PLASTIC DARG CHAINABLE CARRIER CLOSED TYPE WITH END 150MM X 35MM,OFFICE,84139120,MTR,5,MTR,5,,,,,,,excluding,,,,,,yes,,,,,,,yes,yes,,
BOI,Hardware,70401004,PLASTIC DARG CHAINABLE CARRIER CLOSED TYPE WITH END 25MM X 38MM,OFFICE,84139120,MTR,5,MTR,5,,,,,,,excluding,,,,,,yes,,,,,,,yes,yes,,
BOI,Hardware,70401009,"ROLLER CHAIN SIMPLEX DIAMOND 5/8""",OFFICE,84139120,FT,40,FT,40,,,,,,,excluding,,,,,,yes,,,,,,,yes,yes,,
BOI,Hardware,70401019,"CHAIN LOCK 3/4"" X 27MM (FOR PULLER CONVEYOR)",OFFICE,84139120,NOS,22,NOS,22,,,,,,,excluding,,,,,,yes,,,,,,,yes,yes,,
BOI,Hardware,70401022,"CHAIN LOCK 1/2""",OFFICE,84139120,NOS,10,NOS,10,,,,,,,excluding,,,,,,yes,,,,,,,yes,yes,,
BOI,Hardware,70401023,"CHAIN LOCK 1"" HALF",OFFICE,84139120,NOS,4,NOS,4,,,,,,,excluding,,,,,,yes,,,,,,,yes,yes,,
BOI,Hardware,70401025,"HALF CHAIN LOCK 1/2""",OFFICE,84139120,NOS,9,NOS,9,,,,,,,excluding,,,,,,yes,,,,,,,yes,yes,,
BOI,Hardware,70401026,"HALF CHAIN LOCK 3/4""",OFFICE,84139120,NOS,6,NOS,6,,,,,,,excluding,,,,,,yes,,,,,,,yes,yes,,
BOI,Hardware,70401027,"CHAIN LOCK 5/8""",OFFICE,84139120,NOS,15,NOS,15,,,,,,,excluding,,,,,,yes,,,,,,,yes,yes,,
BOI,Hardware,70401028,"CHAIN LOCK 1"" FULL",OFFICE,84139120,NOS,14,NOS,14,,,,,,,excluding,,,,,,yes,,,,,,,yes,yes,,
BOI,Hardware,70401033,"CHAIN LOCK HALF LINK 5/8""",OFFICE,84139120,NOS,48,NOS,48,,,,,,,excluding,,,,,,yes,,,,,,,yes,yes,,
BOI,Hardware,70401034,"CHAIN LOCK 01"" DUPLEX",OFFICE,84139120,NOS,9,NOS,9,,,,,,,excluding,,,,,,yes,,,,,,,yes,yes,,
BOI,Hardware,70401035,"CHAIN LOCK 3/4"" DUPLEX",OFFICE,84139120,NOS,9,NOS,9,,,,,,,excluding,,,,,,yes,,,,,,,yes,yes,,
BOI,Hardware,70501015,"FRL UNIT 1/2"" MODEL-FRCLM156334/W ",OFFICE,84139120,NOS,1,NOS,1,,,,,,,excluding,,,,,,yes,,,,,,,yes,yes,,
BOI,Hardware,70501016,"HYD. OIL FILTER 60MM OD, 100MM LONG, 3/4""",OFFICE,84139120,NOS,4,NOS,4,,,,,,,excluding,,,,,,yes,,,,,,,yes,yes,,
BOI,Hardware,70501022,CURRENT COLLECTOR TROLLEY 70 AMPS MAKE-GIOVENZANA,OFFICE,84139120,NOS,2,NOS,2,,,,,,,excluding,,,,,,yes,,,,,,,yes,yes,,
BOI,Hardware,70501053,PULLER WHEEL PIN 20MM,OFFICE,84139120, NOS,5, NOS,5,,,,,,,excluding,,,,,,yes,,,,,,,yes,yes,,
BOI,Hardware,70501054,PULLER WHEEL PIN 16MM,OFFICE,84139120, NOS,8, NOS,8,,,,,,,excluding,,,,,,yes,,,,,,,yes,yes,,
BOI,Hardware,70501056,PULLER WHEEL 60.6 X 30MM,OFFICE,84139120,NOS,4,NOS,4,,,,,,,excluding,,,,,,yes,,,,,,,yes,yes,,
BOI,Hardware,70501163,ALUMINIUM ROLLER 50 X 70 X 500MM,OFFICE,84139120,NOS,10,NOS,10,,,,,,,excluding,,,,,,yes,,,,,,,yes,yes,,
BOI,Hardware,70501166,ROTORY ENCODER MODEL-TRD-2T1024BF FOR PULLER MOTOR,OFFICE,84139120,NOS,1,NOS,1,,,,,,,excluding,,,,,,yes,,,,,,,yes,yes,,
BOI,Hardware,70501167,ROTARY ENCODER E40H8-1000-3-T-24 E40 SERIES,OFFICE,84139120,NOS,4,NOS,4,,,,,,,excluding,,,,,,yes,,,,,,,yes,yes,,
BOI,Hardware,70501168,"ENCODER (HEAVY DUTY 15MM HOLLOW SHAFT ENCODER  5 - 30 VDC,100MA",OFFICE,84139120,NOS,1,NOS,1,,,,,,,excluding,,,,,,yes,,,,,,,yes,yes,,
BOI,Hardware,70502005,SEMI CLOSED WATER PUMP IMPELLER OD60MM ID12MM ,OFFICE,84139120,NOS,1,NOS,1,,,,,,,excluding,,,,,,yes,,,,,,,yes,yes,,
BOI,Hardware,70601004,"CHAIN SPROCKET 52 TEETH 3/4"" SINGLE",OFFICE,84139120,NOS,1,NOS,1,,,,,,,excluding,,,,,,yes,,,,,,,yes,yes,,
BOI,Hardware,70601005,"CHAIN SPROCKET 17 TEETH 3/4"" SINGLE",OFFICE,84139120,NOS,1,NOS,1,,,,,,,excluding,,,,,,yes,,,,,,,yes,yes,,
BOI,Hardware,70601053,"SPAN FILTER 4.5 X 20"" FOR R.O.PLANT",OFFICE,84139120,NOS,6,NOS,6,,,,,,,excluding,,,,,,yes,,,,,,,yes,yes,,
BOI,Hardware,70601054,"BAG FILTER 4 X 20"" FOR R.O.PLANT",OFFICE,84139120,NOS,5,NOS,5,,,,,,,excluding,,,,,,yes,,,,,,,yes,yes,,
BOI,Hardware,70601101,NYLON GEAR 34 TEETH,OFFICE,84139120,NOS,1,NOS,1,,,,,,,excluding,,,,,,yes,,,,,,,yes,yes,,
BOI,Hardware,70701009,SUBMERCIBLE PUMP LJ SERIES,OFFICE,84139120,NOS,1,NOS,1,,,,,,,excluding,,,,,,yes,,,,,,,yes,yes,,
BOI,Hardware,70701021,HYDRANK PUMP MODEL-20VQ-4A-1B-22-LH SERIAL NOS.22H-08093-A,OFFICE,84139120,NOS,1,NOS,1,,,,,,,excluding,,,,,,yes,,,,,,,yes,yes,,
BOI,Hardware,70701023,HYD. VARIABLE VANE PUMP VDP-SF-20D/X1 WITH 03 PHASE INDUCTION MOTOR 02 HP 1.5KW 1420 RPM ,OFFICE,84139120,NOS,1,NOS,1,,,,,,,excluding,,,,,,yes,,,,,,,yes,yes,,
BOI,Hardware,70701032,CARTRIDGE KIT 60 GPM 45VQ 416437 416437,OFFICE,84139120,NOS,1,NOS,1,,,,,,,excluding,,,,,,yes,,,,,,,yes,yes,,
BOI,Hardware,70701033,CARTRIDGE KIT 38 GPM 02-102555 02-102555,OFFICE,84139120,NOS,1,NOS,1,,,,,,,excluding,,,,,,yes,,,,,,,yes,yes,,
BOI,Hardware,70701034,"DOSING PUMP(METERING PUMP)10 LPM,30W,230V.IP 65,PMEX",OFFICE,84139120,NOS,1,NOS,1,,,,,,,excluding,,,,,,yes,,,,,,,yes,yes,,
BOI,Hardware,70701035,"AMAZOR PRESSURE PUMP 5 WAY B07H6JSQ6D FOR BOOSTER PUMP , ",OFFICE,84139120,NOS,1,NOS,1,,,,,,,excluding,,,,,,yes,,,,,,,yes,yes,,
BOI,Hardware,70702001,IMPELLER FOR (BL-561),OFFICE,84139120,NOS,2,NOS,2,,,,,,,excluding,,,,,,yes,,,,,,,yes,yes,,
BOI,Hardware,70702031,BLOWER IMPELLER 520MM (MATANGI),OFFICE,84139120,NOS,1,NOS,1,,,,,,,excluding,,,,,,yes,,,,,,,yes,yes,,
BOI,Hardware,70702182,OIL PUMP MODEL : RT10(for Heating && Pumping unit),OFFICE,84139120,NOS,1,NOS,1,,,,,,,excluding,,,,,,yes,,,,,,,yes,yes,,
BOI,Hardware,70801003,BURNER BLOCK,OFFICE,84139120,NOS,1,NOS,1,,,,,,,excluding,,,,,,yes,,,,,,,yes,yes,,
BOI,Hardware,70801007,"SK 06"" ALUMINIUM LINER WITH GRAPHITE RING",OFFICE,84139120,NOS,8,NOS,8,,,,,,,excluding,,,,,,yes,,,,,,,yes,yes,,
BOI,Hardware,70801014,"ALUMINIUM MOULD 07"" (IMP-CHINA)",OFFICE,84139120,NOS,11,NOS,11,,,,,,,excluding,,,,,,yes,,,,,,,yes,yes,,
BOI,Hardware,70801018,SPROCKET 20TEETH,OFFICE,84139120,NOS.,2,NOS.,2,,,,,,,excluding,,,,,,yes,,,,,,,yes,yes,,
BOI,Hardware,70801026,REXROTH FLOW CONTROL VALVE 2FRM 6 B 36-2X/1.5QRV-IN001,OFFICE,84139120,NOS,1,NOS,1,,,,,,,excluding,,,,,,yes,,,,,,,yes,yes,,
BOI,Hardware,70801027,YUKEN HYDRAULIC SOLENOSID DOUBLE DIRECTION VALVE  MODEL-DSG-01-3C60-A240-N1-50 ,OFFICE,84139120,NOS,1,NOS,1,,,,,,,excluding,,,,,,yes,,,,,,,yes,yes,,
BOI,Hardware,70801041,"HYDRAULIC OIL GEAR PUMP,MODEL : PG1-084-P-1-PB-R-3080,MAKE : YUKEN",OFFICE,84139120,NOS,1,NOS,1,,,,,,,excluding,,,,,,yes,,,,,,,yes,yes,,
BOI,Hardware,70801051,OIL NOSZZLE FOR DUEL FUEL BURNER 65-6 (SS310),OFFICE,84139120,NOS,1,NOS,1,,,,,,,excluding,,,,,,yes,,,,,,,yes,yes,,
BOI,Hardware,70801052,OIL NOSZZLE FOR  DUEL FUEL BURNER 65-7 (SS310,OFFICE,84139120,NOS,4,NOS,4,,,,,,,excluding,,,,,,yes,,,,,,,yes,yes,,
BOI,Hardware,70801053,AIR OIL MIXING VALVE STR-01 WITH OIL NOSZZLE ,OFFICE,84139120,NOS,2,NOS,2,,,,,,,excluding,,,,,,yes,,,,,,,yes,yes,,
BOI,Hardware,70801059,OIL NOSZZLE FITTING FOR 65-07 BURNER,OFFICE,84139120,NOS,1,NOS,1,,,,,,,excluding,,,,,,yes,,,,,,,yes,yes,,
BOI,Hardware,70801060,OIL NOSZZEL PIPE FOR 65-07 BURNER,OFFICE,84139120,NOS,3,NOS,3,,,,,,,excluding,,,,,,yes,,,,,,,yes,yes,,
BOI,Hardware,70801077,AUTOMISING NOSZZLE WITH TUBE(FOR 65/7 DUEL BURNER),OFFICE,84139120,NOS,1,NOS,1,,,,,,,excluding,,,,,,yes,,,,,,,yes,yes,,
BOI,Hardware,70901006,BREAK PLATE BG-400,OFFICE,84139120,NOS,1,NOS,1,,,,,,,excluding,,,,,,yes,,,,,,,yes,yes,,
BOI,Hardware,70901007,IGNITION ELECTRODE BG300-400,OFFICE,84139120,NOS,1,NOS,1,,,,,,,excluding,,,,,,yes,,,,,,,yes,yes,,
BOI,Hardware,70901008,IONIZATION ELECTRODE BG300-400,OFFICE,84139120,NOS,1,NOS,1,,,,,,,excluding,,,,,,yes,,,,,,,yes,yes,,
BOI,Hardware,70901009,PRESSURE SWITCH LGW 50 A2,OFFICE,84139120,NOS,1,NOS,1,,,,,,,excluding,,,,,,yes,,,,,,,yes,yes,,
BOI,Hardware,70901010,DUNGS PRESSURE SWITCH GW 150 A5,OFFICE,84139120,NOS,1,NOS,1,,,,,,,excluding,,,,,,yes,,,,,,,yes,yes,,
BOI,Hardware,70901011,FAN WHEEL FOR B40 A,OFFICE,84139120,NOS,1,NOS,1,,,,,,,excluding,,,,,,yes,,,,,,,yes,yes,,
BOI,Hardware,70901012,BURNER MOTOR 250W,OFFICE,84139120,NOS,1,NOS,1,,,,,,,excluding,,,,,,yes,,,,,,,yes,yes,,
BOI,Hardware,70901013,"DUNGS MULTIBLOC MB-D LE B01 S50,SR.1PDK226872S00049494",OFFICE,84139120,NOS,1,NOS,1,,,,,,,excluding,,,,,,yes,,,,,,,yes,yes,,
BOI,Hardware,71001001,OIL FILTER ELEMENT (NL-1164-A),OFFICE,84139120,NOS,2,NOS,2,,,,,,,excluding,,,,,,yes,,,,,,,yes,yes,,
BOI,Hardware,71001002,AIR FILTER ELEMENT (NA-2324),OFFICE,84139120,NOS,2,NOS,2,,,,,,,excluding,,,,,,yes,,,,,,,yes,yes,,
BOI,Hardware,71001065,BRAKE LINER 100X12MM,OFFICE,84139120,FT,4,FT,4,,,,,,,excluding,,,,,,yes,,,,,,,yes,yes,,
BOI,Hardware,71101046,"LEAD ACID BATTERY (CHLORIDE SEALED)12 V,7AH",OFFICE,84139120,NOS,5,NOS,5,,,,,,,excluding,,,,,,yes,,,,,,,yes,yes,,
BOI,Hardware,71201001,CURRENT COLLECTING SHOE (for shrouded type dsl),OFFICE,84139120,NOS,5,NOS,5,,,,,,,excluding,,,,,,yes,,,,,,,yes,yes,,
BOI,Hardware,71201004,RUBBER BUSH 12 X 45 X 16MM,OFFICE,84139120,N0,4,N0,4,,,,,,,excluding,,,,,,yes,,,,,,,yes,yes,,
BOI,Hardware,71201006,BUSH WITH BOLT FOR COUPLING,OFFICE,84139120,NOS,8,NOS,8,,,,,,,excluding,,,,,,yes,,,,,,,yes,yes,,
BOI,Hardware,71201025,"L T GEAR BOX MAKE : BONFIGLIOLI,MODEL: F102H30P71,GEAR RATIO : 35.3:1",OFFICE,84139120,NOS,1,NOS,1,,,,,,,excluding,,,,,,yes,,,,,,,yes,yes,,
BOI,Hardware,71201026,CRANE BRAKE LINER 100 X 60 X 5MM ,OFFICE,84139120,NOS,12,NOS,12,,,,,,,excluding,,,,,,yes,,,,,,,yes,yes,,
BOI,Hardware,71201028,OIL SEAL 35MM X 52MM X 7 MM,OFFICE,84139120,NOS,9,NOS,9,,,,,,,excluding,,,,,,yes,,,,,,,yes,yes,,
BOI,Hardware,71201040,JUMBO CABLE TROLLEY,OFFICE,84139120,NOS,8,NOS,8,,,,,,,excluding,,,,,,yes,,,,,,,yes,yes,,
BOI,Hardware,71201055,MOTOR PINION 20 TEETH,OFFICE,84139120,NOS,4,NOS,4,,,,,,,excluding,,,,,,yes,,,,,,,yes,yes,,
BOI,Hardware,71202007,"SOLENOSID COIL AC FOR 5.5""/7"" ACEM BRAKE 240V",OFFICE,84139120,NOS,1,NOS,1,,,,,,,excluding,,,,,,yes,,,,,,,yes,yes,,
BOI,Hardware,71202009,SAFEX BRAKE UNIT ASSEMBLY FOR 03TON CRANE,OFFICE,84139120,NOS,1,NOS,1,,,,,,,excluding,,,,,,yes,,,,,,,yes,yes,,
BOI,TCT Blade,71301001,T.C.T.CIRCULAR SAW BLADE 500MM D X 38MM B X 4MM T X 120  TEETH,OFFICE,84139120,NOS,2,NOS,2,,,,,,,excluding,,,,,,yes,,,,,,,yes,yes,,
BOI,TCT Blade,71301007,TCT CIRCULER SAW BLADE 550MM X 4.8 X 30 X 76 TEETH FOR PULLER,OFFICE,84139120,NOS,1,NOS,1,,,,,,,excluding,,,,,,yes,,,,,,,yes,yes,,
BOI,TCT Blade,71301015,ALU.CUTTER BLADE SIZE : 184MM x 2 x 25.4 x 60TEETH,OFFICE,84139120,NOS,3,NOS,3,,,,,,,excluding,,,,,,yes,,,,,,,yes,yes,,
BOI,TCT Blade,71301016,T.C.T.CIRCULAR SAW BLADE 500MM D X 38MM B X 4MM T X 144 TEETH,OFFICE,84139120,NOS,1,NOS,1,,,,,,,excluding,,,,,,yes,,,,,,,yes,yes,,
BOI,TCT Blade,71301026,T.C.T.CIRCULER SAW BLADE 600 X 4X30 X 72TEETH(RESHARPENING),OFFICE,84139120,NOS,5,NOS,5,,,,,,,excluding,,,,,,yes,,,,,,,yes,yes,,
BOI,TCT Blade,71301037,T.C.T.CIRCULER SAW BLADE 500 X 4.0 X 38 X 144TEETH (RESHARPENING),OFFICE,84139120,NOS,1,NOS,1,,,,,,,excluding,,,,,,yes,,,,,,,yes,yes,,
BOI,TCT Blade,71301039,T.C.T.CIRCULER SAW BLADE 600 X 4 X 30 X 60 TEETH (RESHARPENING),OFFICE,84139120,NOS,2,NOS,2,,,,,,,excluding,,,,,,yes,,,,,,,yes,yes,,
BOI,TCT Blade,71301040,TCT CIRCULAR SAW BLADE 500MM DIA X 4.8 MM THICK X 30MM BORE X 120 TEETH (REPAIRED),OFFICE,84139120,NOS,4,NOS,4,,,,,,,excluding,,,,,,yes,,,,,,,yes,yes,,
BOI,Hardware,71401001,JIMBO NOSZZLE(big vertex filter inside),OFFICE,84139120,NOS,12,NOS,12,,,,,,,excluding,,,,,,yes,,,,,,,yes,yes,,
BOI,Hardware,71401009,EXTERNAL CIRCLIP 25.9MM ID,OFFICE,84139120,NOS,6,NOS,6,,,,,,,excluding,,,,,,yes,,,,,,,yes,yes,,
BOI,Hardware,71401010,EXTERNAL CIRCLIP 29MM ID,OFFICE,84139120,NOS,19,NOS,19,,,,,,,excluding,,,,,,yes,,,,,,,yes,yes,,
BOI,Hardware,71401021,EXTERNAL CIRCLIP 24MM ID,OFFICE,84139120,NOS,18,NOS,18,,,,,,,excluding,,,,,,yes,,,,,,,yes,yes,,
BOI,Hardware,71401024,EXTERNAL CIRCLIP 30MM ID,OFFICE,84139120,NOS,20,NOS,20,,,,,,,excluding,,,,,,yes,,,,,,,yes,yes,,
BOI,Hardware,71401027,EXTERNAL CIRCLIP 50MM ID,OFFICE,84139120,NOS,20,NOS,20,,,,,,,excluding,,,,,,yes,,,,,,,yes,yes,,
BOI,Hardware,71401037,EXTERNAL CIRCLIP 13MM ID,OFFICE,84139120,NOS,50,NOS,50,,,,,,,excluding,,,,,,yes,,,,,,,yes,yes,,
BOI,Hardware,71401042,EXTERNAL CIRCLIP 19MM ,OFFICE,84139120,NOS,20,NOS,20,,,,,,,excluding,,,,,,yes,,,,,,,yes,yes,,
BOI,Hardware,71401066,INTERNAL CIRCLIP 48MM OD,OFFICE,84139120,NOS,12,NOS,12,,,,,,,excluding,,,,,,yes,,,,,,,yes,yes,,
BOI,Hardware,71401072,INTERNAL CIRCLIP 65MM OD,OFFICE,84139120,NOS,20,NOS,20,,,,,,,excluding,,,,,,yes,,,,,,,yes,yes,,
BOI,Hardware,71401077,INTERNAL CIRCLIP 42MM,OFFICE,84139120,NOS,16,NOS,16,,,,,,,excluding,,,,,,yes,,,,,,,yes,yes,,
BOI,Spares,71502028,PRESS OPERATING PANEL WITH CABLE,OFFICE,84139120,NOS,1,NOS,1,,,,,,,excluding,,,,,,yes,,,,,,,yes,yes,,
BOI,Spares,71701005,RETURN LINE FILTER 10 MICRON 100 X 50 X 200MM,OFFICE,84139120,NOS,1,NOS,1,,,,,,,excluding,,,,,,yes,,,,,,,yes,yes,,
BOI,Spares,71801001,SOLENOSID COIL,OFFICE,84139120,NOS,1,NOS,1,,,,,,,excluding,,,,,,yes,,,,,,,yes,yes,,
BOI,Spares,71801002,RESET SWITCH,OFFICE,84139120,NOS,5,NOS,5,,,,,,,excluding,,,,,,yes,,,,,,,yes,yes,,
BOI,Spares,71801003,MICRO SWITCH ROLLER TYPE,OFFICE,84139120,NOS,15,NOS,15,,,,,,,excluding,,,,,,yes,,,,,,,yes,yes,,
BOI,Spares,71801004,POTENTIO 500 K,OFFICE,84139120,NOS,5,NOS,5,,,,,,,excluding,,,,,,yes,,,,,,,yes,yes,,
BOI,Spares,71801005,HOLDING GRIPPER (LEFT JAW),OFFICE,84139120,NOS,5,NOS,5,,,,,,,excluding,,,,,,yes,,,,,,,yes,yes,,
BOI,Spares,71801006,ELECTRIC HEATER AS11N(FOR P.P.STRAPPING M/C),OFFICE,84139120,NOS,2,NOS,2,,,,,,,excluding,,,,,,yes,,,,,,,yes,yes,,
BOI,Spares,71801007,TRANSFORMER FOR P.P.ST.M/C,OFFICE,84139120,NOS,1,NOS,1,,,,,,,excluding,,,,,,yes,,,,,,,yes,yes,,
BOI,Spares,80101010,15T HOMOGENIZING FURNACE GROUP,OFFICE,84139120,SET,1,SET,1,,,,,,,excluding,,,,,,yes,,,,,,,yes,yes,,
BOI,Spares,80101035,DRIVE COUPLING ELEMENT 18-22KW ELGI- B011201170002,OFFICE,84139120,NOS,2,NOS,2,,,,,,,excluding,,,,,,yes,,,,,,,yes,yes,,
BOI,Spares,80101040,"VALVE CHECK 01"" ",OFFICE,84139120,NOS,1,NOS,1,,,,,,,excluding,,,,,,yes,,,,,,,yes,yes,,
BOI,Spares,80102016,"AIR DIE GRINDER 1/4"" (06MM) TECHNOS ",OFFICE,84139120,NOS,2,NOS,2,,,,,,,excluding,,,,,,yes,,,,,,,yes,yes,,
BOI,Spares,80102022,AIR BLOWER MACHINE,OFFICE,84139120,NOS,1,NOS,1,,,,,,,excluding,,,,,,yes,,,,,,,yes,yes,,
BOI,Spares,80102028,HAMMER DRILL 20MM,OFFICE,84139120,NOS,1,NOS,1,,,,,,,excluding,,,,,,yes,,,,,,,yes,yes,,
BOI,Spares,80104054,SOLAR PV MODULE RAYZON 545 WP,OFFICE,84139120,NOS,2,NOS,2,,,,,,,excluding,,,,,,yes,,,,,,,yes,yes,,
BOI,Stationery,90101015,1 QUIRE REGISTER,OFFICE,84139120,NOS,5,NOS,5,,,,,,,excluding,,,,,,yes,,,,,,,yes,yes,,
BOI,Stationery,90101016,RULLED REGISTER  2 QUIRE,OFFICE,84139120,NOS,6,NOS,6,,,,,,,excluding,,,,,,yes,,,,,,,yes,yes,,
BOI,Stationery,90101017,RULLED REGISTER 3 QUIRE,OFFICE,84139120,NOS,7,NOS,7,,,,,,,excluding,,,,,,yes,,,,,,,yes,yes,,
BOI,Stationery,90101018,4 QUIRE REGISTER,OFFICE,84139120,NOS,2,NOS,2,,,,,,,excluding,,,,,,yes,,,,,,,yes,yes,,
BOI,Stationery,90101024,NOSTE BOOK ( 200 PAGES),OFFICE,84139120,NOS,5,NOS,5,,,,,,,excluding,,,,,,yes,,,,,,,yes,yes,,
BOI,Stationery,90101027,VEHICLE LOG BOOK,OFFICE,84139120,NOS,4,NOS,4,,,,,,,excluding,,,,,,yes,,,,,,,yes,yes,,
BOI,Stationery,90101032,DUPLICATE BOOK NOS-2,OFFICE,84139120,NOS,1,NOS,1,,,,,,,excluding,,,,,,yes,,,,,,,yes,yes,,
BOI,Stationery,90101041,YELLOW TAG,OFFICE,84139120,NOS,2500,NOS,2500,,,,,,,excluding,,,,,,yes,,,,,,,yes,yes,,
BOI,Stationery,90101058,OFFICE FILE,OFFICE,84139120,NOS,17,NOS,17,,,,,,,excluding,,,,,,yes,,,,,,,yes,yes,,
BOI,Stationery,90101060,BOX FILE SMALL VOUCHER,OFFICE,84139120,NOS,6,NOS,6,,,,,,,excluding,,,,,,yes,,,,,,,yes,yes,,
BOI,Stationery,90101061,BOX FILE  (BIG),OFFICE,84139120,NOS,7,NOS,7,,,,,,,excluding,,,,,,yes,,,,,,,yes,yes,,
BOI,Stationery,90101066,PENCIL CARBON BOX 210MM X 330MM,OFFICE,84139120,PKT,1,PKT,1,,,,,,,excluding,,,,,,yes,,,,,,,yes,yes,,
BOI,Stationery,90101081,BALL PEN,OFFICE,84139120,NOS,76,NOS,76,,,,,,,excluding,,,,,,yes,,,,,,,yes,yes,,
BOI,Stationery,90101083,STAMP PAD,OFFICE,84139120,NOS,2,NOS,2,,,,,,,excluding,,,,,,yes,,,,,,,yes,yes,,
BOI,Stationery,90101084,MARKER  PEN (SMALL),OFFICE,84139120,NOS,5,NOS,5,,,,,,,excluding,,,,,,yes,,,,,,,yes,yes,,
BOI,Stationery,90101085,MARKER PEN,OFFICE,84139120,NOS,13,NOS,13,,,,,,,excluding,,,,,,yes,,,,,,,yes,yes,,
BOI,Stationery,90101086,SHARPNER,OFFICE,84139120,NOS,3,NOS,3,,,,,,,excluding,,,,,,yes,,,,,,,yes,yes,,
BOI,Stationery,90101090,PAINT MARKER YELLOW ,OFFICE,84139120,NOS,8,NOS,8,,,,,,,excluding,,,,,,yes,,,,,,,yes,yes,,
BOI,Stationery,90101094,BLACK INK FOR STAMP PAD,OFFICE,84139120,BTL,1,BTL,1,,,,,,,excluding,,,,,,yes,,,,,,,yes,yes,,
BOI,Stationery,90101095,HIGH LIGHTER PEN,OFFICE,84139120,NOS,20,NOS,20,,,,,,,excluding,,,,,,yes,,,,,,,yes,yes,,
BOI,Stationery,90101099,MARKER INK(BLACK),OFFICE,84139120,BTL,2,BTL,2,,,,,,,excluding,,,,,,yes,,,,,,,yes,yes,,
BOI,Stationery,90101119,PUNCHING M/C,OFFICE,84139120,NOS,2,NOS,2,,,,,,,excluding,,,,,,yes,,,,,,,yes,yes,,
BOI,Stationery,90101120,BOARD PINS,OFFICE,84139120,NOS,5,NOS,5,,,,,,,excluding,,,,,,yes,,,,,,,yes,yes,,
BOI,Stationery,90101122,STAPLER,OFFICE,84139120,NOS,2,NOS,2,,,,,,,excluding,,,,,,yes,,,,,,,yes,yes,,
BOI,Stationery,90101123,PLASTIC SCALE,OFFICE,84139120,NOS,1,NOS,1,,,,,,,excluding,,,,,,yes,,,,,,,yes,yes,,
BOI,Stationery,90101131,WHITEBOARD 06FT X 04 FT,OFFICE,84139120,NOS,1,NOS,1,,,,,,,excluding,,,,,,yes,,,,,,,yes,yes,,
BOI,Stationery,90101133,WHITE BOARD MARKER,OFFICE,84139120,NOS,10,NOS,10,,,,,,,excluding,,,,,,yes,,,,,,,yes,yes,,
BOI,Stationery,90101135,NOSTICE BOARD 03 X 02 FT (PIN BOARD),OFFICE,84139120,NOS,1,NOS,1,,,,,,,excluding,,,,,,yes,,,,,,,yes,yes,,
BOI,Stationery,90101140,CORRECTION PEN,OFFICE,84139120,NOS,8,NOS,8,,,,,,,excluding,,,,,,yes,,,,,,,yes,yes,,
BOI,Stationery,90101157,ZEROX PAPER A4 SIZE,OFFICE,84139120,PKT,8,PKT,8,,,,,,,excluding,,,,,,yes,,,,,,,yes,yes,,
BOI,Stationery,90101162,MATERIAL ISSUE BOOK,OFFICE,84139120,NOS,2,NOS,2,,,,,,,excluding,,,,,,yes,,,,,,,yes,yes,,
BOI,Stationery,90201001,LETTER HEAD (ALUKA),OFFICE,84139120,NOS,2515,NOS,2515,,,,,,,excluding,,,,,,yes,,,,,,,yes,yes,,
BOI,Stationery,90201002,FORM NOS.28 REGISTER,OFFICE,84139120,NOS,3,NOS,3,,,,,,,excluding,,,,,,yes,,,,,,,yes,yes,,
BOI,Stationery,90201003,"PRINTED ENVELOPES 6.50"" X 4.25"" (ALUKA)",OFFICE,84139120,NOS,2350,NOS,2350,,,,,,,excluding,,,,,,yes,,,,,,,yes,yes,,
BOI,Stationery,90201031,ATTENDANCE REGISTER 100 PAGE,OFFICE,84139120,NOS,4,NOS,4,,,,,,,excluding,,,,,,yes,,,,,,,yes,yes,,
BOI,Stationery,90201036,VISITORS BOOK,OFFICE,84139120,NOS,3,NOS,3,,,,,,,excluding,,,,,,yes,,,,,,,yes,yes,,
BOI,Stationery,90201037,PERSONAL GATE PASS BOOK,OFFICE,84139120,NOS,1,NOS,1,,,,,,,excluding,,,,,,yes,,,,,,,yes,yes,,
BOI,Stationery,90201132,DIMENSION REPORT BOOK,OFFICE,84139120,NOS,32,NOS,32,,,,,,,excluding,,,,,,yes,,,,,,,yes,yes,,
BOI,Stationery,90201165,MATERIAL ISSUE SLIP,OFFICE,84139120,NOS.,10,NOS.,10,,,,,,,excluding,,,,,,yes,,,,,,,yes,yes,,
BOI,Stationery,90201167,BIN CARD,OFFICE,84139120,NOS,1000,NOS,1000,,,,,,,excluding,,,,,,yes,,,,,,,yes,yes,,
BOI,Stationery,90201195,WRITING PAD ,OFFICE,84139120,NOS,4,NOS,4,,,,,,,excluding,,,,,,yes,,,,,,,yes,yes,,
BOI,Stationery,90201228,LEAVE CARD,OFFICE,84139120,NOS,300,NOS,300,,,,,,,excluding,,,,,,yes,,,,,,,yes,yes,,
BOI,Stationery,90201239,QUALTY CONTROL CHART BOOK ,OFFICE,84139120,NOS,4,NOS,4,,,,,,,excluding,,,,,,yes,,,,,,,yes,yes,,
BOI,Stationery,90201254,AGEING REPORT BOOK,OFFICE,84139120,NOS,13,NOS,13,,,,,,,excluding,,,,,,yes,,,,,,,yes,yes,,
BOI,Stationery,90201256,CASH PAYMENT VOUCHER BOOK,OFFICE,84139120,NOS,10,NOS,10,,,,,,,excluding,,,,,,yes,,,,,,,yes,yes,,
BOI,Stationery,90201258,PRODUCTION REPORT BOOK ,OFFICE,84139120,NOS,3,NOS,3,,,,,,,excluding,,,,,,yes,,,,,,,yes,yes,,
BOI,Stationery,90201259,AGING REPORT BOOK ,OFFICE,84139120,NOS,12,NOS,12,,,,,,,excluding,,,,,,yes,,,,,,,yes,yes,,
BOI,Stationery,90201260,WORK ORDER REPORT  BOOK,OFFICE,84139120,NOS,5,NOS,5,,,,,,,excluding,,,,,,yes,,,,,,,yes,yes,,
BOI,Stationery,90201261,INSPECTION TAG CARD (GREEN),OFFICE,84139120,NOS,22650,NOS,22650,,,,,,,excluding,,,,,,yes,,,,,,,yes,yes,,
BOI,Stationery,90201262,DAILY BREAKDOWN REPORT BOOK,OFFICE,84139120,NOS,18,NOS,18,,,,,,,excluding,,,,,,yes,,,,,,,yes,yes,,
BOI,Stationery,90201263,INSPECTION YELLOW TAG,OFFICE,84139120,NOS,19500,NOS,19500,,,,,,,excluding,,,,,,yes,,,,,,,yes,yes,,
